uniq_idx,error,fold,sentence,bias,lex_bias
53hpo10,tn,0.0,"He joins an already crowded 2016 Republican field, and will likely enlist support from the party's far right wing, where he faces competition from Sen. Ted Cruz (R-Texas), who has positioned himself as a tea party favorite.",0,1
53hpo15,fn,0.0,"He was the longest-serving Arkansas governor, from 1996 to 2007.",1,0
52hpo12,tn,0.0,Some top Democrats called on Mueller to release what his team knows about Trump’s Moscow deal as a matter of public duty.,0,0
52hpo15,tn,0.0,"“We’ve previously known about attempts to develop Trump Tower Moscow and the misrepresentations surrounding those efforts,” Feinstein said.",0,0
3hpo6,tn,0.0,"Summers himself, downplayed the significance of continuing the Bush tax cuts back in September -- though he was speaking, then, about the rates for the rich and the tax cut deal, at that point in time, did not include money for a 13-month extension of unemployment insurance or other tax incentives to help lower income workers.",0,0
66nyt1,tn,0.0,"It is the broadest federal rule change to come out of the landmark Supreme Court decision in June that struck down the 1996 Defense of Marriage Act, and a sign of how quickly the government is moving to treat gay couples in the same way that it does straight couples.",0,0
66nyt2,tn,0.0,"The June decision found that same-sex couples were entitled to federal benefits, but left open the question of how Washington would actually administer them.",0,0
66nyt7,tn,0.0,"“Today’s ruling provides certainty and clear, coherent tax-filing guidance for all legally married same-sex couples nationwide,” Treasury Secretary Jacob J. Lew said.",0,0
66nyt13,fp,0.0,"Couples with similar incomes often pay the “marriage penalty,” with their tax liability as a couple being much higher than it would be if they were single.",0,0
66nyt23,tn,0.0,"“These state taxing authorities will have to figure out how to deal with a same-sex married couple who file a joint income tax return for federal tax purposes.” He added,",0,0
66nyt25,tn,0.0,"The rule change is likely to provide a small increase for federal revenue, as more same-sex couples pay the marriage penalty, Mr. Williams said, describing it as a “rounding error.”",0,0
67nyt0,tn,0.0,"WASHINGTON — AARP, the powerful lobby for older Americans that has been seen as one of the leading opponents of Social Security benefit cuts, said on Friday that it was open to modest reductions in benefits for future recipients.",0,1
67nyt19,tn,0.0,Mr. Rother said AARP expected to hear criticism from some of its members over its position on possible cuts.,0,0
62fox37,tn,0.0,"""In addition we only ever comply with orders for requests about specific accounts or identifiers,"" the spokesperson said.",0,0
63fox12,tn,0.0,"“And when your son looks at you and says: ‘Momma, look you won. Bullies don’t win.’ ",0,0
83nyt2,tn,0.0,“President Obama and the Democrats have had their chance and they have failed.,0,0
83nyt19,tn,0.0,"For his part, Mr. Boehner has remained firm that he wanted to get it done quickly and minimize disruption.",0,0
83nyt22,fn,0.0,Some lawmakers questioned whether his run was really a quest to win the majority leader’s post or merely to raise his own profile.,1,0
82nyt8,tn,0.0,"“I’ve been by Mike’s side for 19 years, and I’ve never met Donald Trump,” said Kevin Sheekey, an adviser to Mr. Bloomberg, underscoring the extent to which the men were not close.",0,0
82nyt14,fn,0.0,"“How about the mayor starts it off in honor of the city?” Mr. Trump was quoted as saying, playing peacemaker and showing deference to Mr. Bloomberg.",1,0
86fox3,tn,0.0,"He will be great!""",0,0
86fox24,tp,0.0,"""If anybody but your favorite President, Donald J. Trump, announced that, after decimating ISIS in Syria, we were going to bring our troops back home (happy & healthy), that person would be the most popular hero in America,"" he continued in a follow-up tweet. ",1,0
10nyt12,tn,0.0,He added: “I think it is important that we send a message to people at home that the constitution is an important document.”,0,0
10nyt17,tn,0.0,"According to the Office of the Historian of the House of Representatives, the only two prior instances in which a full or partial text of the Constitution was inserted into the Congressional Record was in 1882, when Roswell Flower of New York “appended” a text of the Constitution — minus the amendments — into the record, and in 1915, when Thomas Reilly of Connecticut inserted the full text of the Constitution into the Congressional Record as an extension of his remarks.",0,0
14fox9,tn,0.0,"Holder also described how once, while living in the Georgetown neighborhood of Washington, he was running to catch a movie with his cousin when a squad car rolled up and flashed its lights at the pair.",0,0
14fox12,tn,0.0,"""We negotiate the whole thing, and we walk to our movie.",0,0
9nyt24,tn,0.0,Mr. Jordan said the president has already “been clear he is going to ask Mr. Putin some tough questions.”,0,0
25hpo18,tn,0.0,"The White House has fought against the bill for months, to no avail.",0,0
58nyt1,tn,0.0,"But the proposal, which Mr. Trump unveiled in a 13-minute address from the White House, appeared dead on arrival in the Capitol.",0,0
58nyt17,tn,0.0,The speech was the second time during the shutdown that the president addressed the nation about the immigration crisis.,0,0
58nyt44,tn,0.0,"Mr. McConnell — who has insisted he will not put any legislation on the floor unless the president will sign it — spoke to Mr. Trump, Mr. Kushner and Mr. Pence on Thursday night about finding a way forward.",0,0
82hpo10,fn,0.0,The real-estate developer also reacts defensively when his success is questioned.,1,0
83hpo8,tn,0.0,Eric is a good friend and I have tremendous respect for him.,0,0
83hpo15,tn,0.0,Rep. Jeb Hensarling (R-Texas) was considered a front-runner to challenge McCarthy.,0,0
83hpo25,tn,0.0,"A Labrador bid helps all parties regardless of the outcome -- including Labrador himself, since a run will elevate him as a leader inside the House GOP.",0,0
83hpo34,tn,0.0,"I think Raul brings that,"" Paul told reporters, according to the Spokesman-Review.",0,0
68fox2,tp,0.0,"""We are disappointed by the government's decision, but hardly surprised,"" said the statement from Grimm's attorney, William McGinley.",1,0
10hpo2,tn,0.0,Republicans have made strict adherence to the Constitution a key tenet of their effort to reduce the size of the federal government.,0,0
21fox7,tn,0.0,The lawsuit says Colorado marijuana flows into neighboring states undermining their efforts to enforce their anti-marijuana laws.,0,0
21fox9,tp,0.0,"""While Colorado reaps millions from the sale of pot, Nebraska taxpayers have to bear the cost.""",1,0
20fox3,tn,0.0,"“I have tremendous respect for Iowa farmers and appreciate how important they are to our state, and I’m grateful to have the support of hundreds of farmers across Iowa,” he said.",0,0
20fox7,fp,0.0,"“To put this in stark contrast, if you help me win this race you may have someone with your background, your experience, your voice, someone who’s been literally fighting tort reform for thirty years, in a visible or public way, on the Senate Judiciary Committee,” he said.",0,0
25nyt3,fp,0.0,"But their efforts, which come after both chambers overwhelmingly passed the bill, are almost certain to be futile, and members of both parties have vowed to override the bill.",0,0
24nyt15,tn,0.0,"In a brief interview later, Mr. Stone said he will plead not guilty, and people close to him have predicted that Mr. Trump could pardon Mr. Stone should he be convicted of any of the charges.",0,0
24nyt31,tn,0.0,"Still, it was revealed last year that, in the weeks before the election, Mr. Stone was messaging on Twitter with Guccifer 2.0, a pseudonym used by one or more operatives in the Russian intelligence scheme to steal the emails and funnel them to WikiLeaks.",0,0
59hpo3,tn,0.0,"""The President and Speaker had a frank meeting in the Oval Office tonight,"" said the statements.",0,0
56fox5,tp,0.0,The four-term New York senator and the dozens of other Democrats who initially voted Friday to block the spending bill had been lauded by their progressive base even as nearly 1 million federal workers were furloughed without pay.,1,0
56fox15,tn,0.0,"Members of the “No, DREAM, No Deal” began stepping up their calls for Schumer and others to “stand strong” Sunday night, when Senate Majority Leader Mitch McConnell, R-Ky., suggested a compromise had been reached, without offering any solid commitment.",0,0
56fox22,tn,0.0,"“Enough is enough,” said Lorella Praeli, director of immigration policy and campaigns at the American Civil Liberties Union.",0,0
56fox28,tn,0.0,"The Dems have just learned that a Shutdown is not the answer!"" he said.",0,0
57fox0,tp,0.0,"Supreme Court Justice Ruth Bader Ginsburg faced a growing and bipartisan backlash Wednesday -- including a call from Donald Trump to resign -- as she doubled down on her criticism of the presumptive GOP nominee, calling him a “faker” who is unqualified to be president.",1,1
57fox14,tn,0.0,"The press seems to be very gentle with him on that,"" she said.",0,0
57fox19,fn,0.0,Senate Majority Leader Mitch McConnell said Tuesday Ginsburg’s comments were “totally inappropriate.”,1,0
52nyt24,tn,0.0,"“There was a good chance that I wouldn’t have won, in which case I would have gotten back into the business, and why should I lose lots of opportunities?” he told reporters.",0,0
52nyt29,tn,0.0,"But he corrected himself during subsequent interviews and proved credible, the special counsel’s office said in a December sentencing memo.",0,0
52nyt31,tn,0.0,"Subsequently, he took care “not to overstate his knowledge or the role of others in the conduct under investigation” and provided “useful information” about his contacts with “persons connected to the White House” in 2017 and 2018, the special counsel’s filing said.",0,0
7fox10,fp,0.0,"""He's getting into conspiracy land and he's acting like an Oliver Stone type figure.",0,0
7fox21,tn,0.0,Schiff on Monday signed a letter with his fellow House committee chairs demanding the full Mueller report by April 2.,0,0
6fox28,tn,0.0,"However, the poll showed that 64 percent think it would be wrong to build it, regardless of whether the developers are within their right to do so.",0,0
2nyt28,tn,0.0,"The House Judiciary Committee announced Friday that it would investigate the president’s emergency claim, while House Democrats plan to introduce legislation to block it.",0,0
67hpo7,tn,0.0,"""The reality is, we have more people older and who are living longer, so we need to make changes.",0,0
67hpo9,tn,0.0,"And we're certainly willing to talk about a package of changes that will keep Social Security strong.""",0,0
67hpo29,tn,0.0,"Rother's thinking, according to the paper, is that tax increases alone can't keep the program's $2.6 trillion trust fund from running out of money, so benefit cuts must be included as well.",0,0
67hpo35,tn,0.0,"The problem with plans to hike taxes is that they're politically unfeasible because of congressional Republicans' adamant opposition to any sort of tax increase, much less a tax increase not accompanied by a spending cut.",0,1
89nyt14,fn,0.0,"Marc Benioff, the chief executive officer of Salesforce.com, said on Thursday that his company would halt all corporate travel to Indiana.",1,0
88nyt14,tn,0.0,"Among the Republicans vying to succeed Ms. Brewer, who cannot run for re-election because of term limits, there was broad consensus against the measure, which would expand the state’s definition of “exercise of religion” to protect businesses and citizens from lawsuits after denying services on religious grounds.",0,0
74fox10,fn,0.0,Republicans called the bill a Democratic power grab that amounts to a federal takeover of elections.,1,0
70nyt13,tn,0.0,"He got started right away with rolling back the policies of his predecessor, former President Barack Obama, by issuing orders freezing new regulations from recent weeks and ordering agencies to “ease the burden” of the Affordable Care Act during the transition from repealing to replacing the law.",0,0
70nyt33,tn,0.0,"But the lingering animosity from the presidential campaign was on display, too.",0,0
70nyt55,tn,0.0,"He and Mrs. Trump, a former model from Slovenia who became the first foreign-born first lady since John Quincy Adams’s wife, Louisa, started the day with a service at St. John’s Episcopal Church adjacent to Lafayette Square, then joined the Obamas, Bidens and Pences for coffee at the White House.",0,0
70nyt57,tn,0.0,"Former President George Bush remained hospitalized in Houston, recovering from pneumonia, but a spokesman said he watched the ceremony on television.",0,0
70nyt61,tn,0.0,"Also there was Barron, his 10-year-old son with the first lady.",0,0
38nyt3,fn,0.0,"But while Ms. Pelosi won, 134 to 63, Mr. Ryan’s significant share of the total served as a measure of internal discontent and in some ways a repudiation of Ms. Pelosi’s leadership.",1,0
38nyt6,fn,0.0,"For years, support for Ms. Pelosi has run so deep that few would even consider challenging her.",1,0
38nyt18,tn,0.0,"After a dismal Election Day for Democrats, the fight for Ms. Pelosi’s post had become a proxy battle for the future of the party, with House Democrats agonizing over how to reconnect with the working-class voters who abandoned them.",0,0
44hpo8,tp,0.0,"""That that is just outrageous talk,"" Boehner said.",1,0
44hpo9,fn,0.0,"""They’re trying to make this election, as I said earlier, about anything other than the president’s failed economic policies.",1,0
45hpo3,tn,0.0,He faces up to 48 years in prison.,0,0
33hpo13,tn,0.0,"""As many of you know, one of my daughters is gay and it is something we have lived with for a long time in our family.",0,0
90fox6,tn,0.0,"Rice's statements were among the Obama administration's toughest on Netanyahu's speech, set for March 3.",0,0
90fox15,tn,0.0,Israeli officials warned this week that such a deal would allow Iran to become a nuclear threshold state.,0,0
91fox11,tn,0.0,"The plan, though, does call for a range of measures to improve access to mental health services and improve safety at America's schools.",0,0
91fox14,tn,0.0,Plus Obama is nominating ATF Acting Director Todd Jones to officially lead the agency,0,0
91fox27,tn,0.0,Some local officials have vowed to resist federal action.,0,1
94nyt21,tn,0.0,"Despite the swirl of events that has buffeted him for several days, Mr. Weiner has not abandoned his sharp humor.",0,0
95NYT2,tn,0.0,"But they noticed that among the 15,000 documents they examined, there were no emails to or from an official departmental account for Mrs. Clinton.",0,0
95NYT25,tn,0.0,"It can be personal data, like Social Security numbers, or information on matters that other countries consider classified or important to their national security.",0,0
32nyt6,tn,0.0,"On Wednesday, Mr. Cruz repeatedly quoted from the movie “The American President” to defend his wife, as she held an event and faced questions about Mr. Trump’s threats.",0,0
33nyt11,tn,0.0,"In an e-mail, Mary Cheney declined to comment further on her sister’s position, saying she would let her Facebook post speak for itself.",0,0
37fox4,tn,0.0,"""This is America's war.",0,0
37fox5,tn,0.0,"It's not Obama's war.""",0,0
95HPO10,tn,0.0,"While on Mitchell's show, McCain also raised the concern that there's no way of knowing if all of Clinton's emails have been saved, since they were not originally retained by the government.",0,0
94hpo13,tn,0.0,"He insisted that he wanted to move on from the incident, which was distracting from his work on Capitol Hill.",0,0
94hpo18,tn,0.0,"I'm going to get back to the conversation I care about.""",0,0
71hpo2,tn,0.0,"Bachmann asked her followers on what became an unofficial ""Chick-fil-A Appreciation Day.""",0,0
39hpo5,tn,0.0,"That judges do not, as Chief Justice John Roberts once famously said, only call “balls and strikes.”",0,0
39hpo25,tn,0.0,"Responding to Gorsuch’s stated belief that justices have no partisan leanings, Sen. Al Franken (D-Minn.) explained, “And you know, you said earlier, there are no Democratic judges, there are no Republican judges.",0,0
39hpo27,fn,0.0,That’s what it was about.”,1,0
45nyt0,tn,0.0,"Federal authorities made an arrest on Friday in connection with the nationwide bombing campaign against outspoken critics of President Trump, a significant breakthrough in a case that has gripped the country in the days leading up to the midterm elections.",0,0
45nyt5,tn,0.0,The records listed Mr. Sayoc’s occupation as “manager.”,0,0
45nyt8,tn,0.0,“Has no furniture.”,0,0
45nyt15,tn,0.0,"Sometimes the door would be ajar or a window would be open, which indicated to me that maybe somebody was living in the van.”",0,0
45nyt32,tn,0.0,"All together, 12 crude explosive devices have been found since Monday, sent through the mail to a host of Democrats and other prominent figures who have been among Mr. Trump’s most vocal detractors. ",0,0
40fox4,fn,0.0,He chuckled and smirked through many of Ryan's responses.,1,0
40fox13,tn,0.0,"""This is not what a real recovery looks like,"" Ryan said.",0,0
40fox19,tn,0.0,Ryan opened the debate with tough criticism of the Obama administration over its handling of the Libya terror attack.,0,0
73fox0,tn,0.0,"Democratic Attorney General Richard Blumenthal, once thought to be a shoo-in for the seat being vacated by Sen. Chris Dodd, D-CT, finds himself on the political ropes after a newspaper exposed a past incorrect statement regarding his service in Vietnam, and Republicans smell an opening.",0,0
98hpo8,tn,0.0,Immigration activists have targeted McCarthy specifically due to his high rank in the House GOP.,0,0
77nyt1,tn,0.0,"Mr. Trump and his allies seized on the texts — exchanged during the 2016 campaign with a former F.B.I. lawyer, Lisa Page — in assailing the Russia investigation as an illegitimate “witch hunt.” ",0,0
77nyt3,tn,0.0,"Along with writing the texts, Mr. Strzok was accused of sending a highly sensitive search warrant to his personal email account.",0,0
77nyt4,tn,0.0,"The F.B.I. had been under immense political pressure by Mr. Trump to dismiss Mr. Strzok, who was removed last summer from the staff of the special counsel, Robert S. Mueller III. ",0,0
77nyt25,fp,0.0,Mr. Strzok became emblematic of Mr. Trump’s unfounded assertions that a so-called deep state of bureaucrats opposed to him was undermining his presidency. ,0,1
77nyt45,tn,0.0,"The firing was politically motivated, Mr. McCabe has said, as an effort to discredit him as a witness in the special counsel investigation.",0,0
99hpo7,tn,0.0,"“And if I did” spend campaign funds improperly, he said, “it was an accident and I paid it back.”",0,0
99hpo17,tn,0.0,"“The Republicans left in California are pretty well-liked by their constituents,” he said.",0,0
43hpo13,tn,0.0,"In a speech in Jakarta last year, Obama remarked that the American ""motto is E pluribus unum -- out of many, one.""",0,0
43hpo15,tn,0.0,"Minnesota congresswoman and now-GOP presidential candidate Michele Bachmann and other members of the Congressional Prayer Caucus piled on weeks later, penning a letter to Obama chastising him for his alleged failure to the use the word ""God"" and ""Creator"" more in his public speeches, especially abroad.",0,0
42HPO16,fp,0.0,"""It's unfounded, but people are running with these accusations like they are true,"" he said.",0,0
48nyt14,tp,0.0,“His conduct is unbecoming of a member of Congress.”,1,0
97fox4,tn,0.0,"The campaign and the state party intend to cooperate with the U.S. Attorney's office and the state legislative committee and will respond to the subpoenas accordingly.""",0,0
93nyt21,tn,0.0,"Besides the royalties from his books and his speaking fees, Mr. Clinton earned nearly $20 million between 2011 and 2014 for advising or consulting companies.",0,0
93nyt22,tn,0.0,"“We’ve come a long way from my days going door to door for the Children’s Defense Fund and earning $16,450 as a young law professor in Arkansas — and we owe it to the opportunities America provides,” Mrs. Clinton said in her statement.",0,0
92nyt17,tn,0.0,"The June 25 special election would be Mr. Brown’s third statewide Senate race in three years, starting with his win in a special election in January 2010 to finish Senator Edward M. Kennedy’s term.",0,0
92nyt20,tn,0.0,"Several Democrats, including Mr. Kerry, have closed ranks behind him in the hopes of discouraging anyone else from getting in and avoiding a bruising primary.",0,0
92nyt24,tn,0.0,"“He’s cool,” Lt. Gov. Timothy Murray said of Mr. Cowan. “Tom Brady, George Clooney, James Bond and the president have nothing on Mo.”",0,0
35nyt23,tn,0.0,"Mr. LePage’s six years in office here, which began as part of the Tea Party sweep in 2010, have been marked by controversy.",0,0
30fox2,tn,0.0,"Members of Congress are calling her evasive, and question why she didn't reveal the program sooner -- plus her history at the Federal Elections Commission is coming under scrutiny.",0,1
30fox9,tn,0.0,"She said: ""Well there's a questionnaire that began this discussion and there's also a questionnaire out there that is seeking info from 501 c3,4,5 organizations.""",0,0
30fox13,tn,0.0,"Under her direction, the FEC undertook the largest enforcement action in its history -- suing the Christian Coalition for violating campaign laws.",0,0
30fox18,fn,0.0,"""She was in effect being promoted for what she had done at the Federal Election Commission and now was going to be expected ... to replicate that at the IRS and now we know that's exactly what happened,"" he said.",1,0
30fox22,tn,0.0,"""I have not broken any laws. I have not violated any IRS rules or regulations, and I have not provided false information to this or any other congressional committee.""",0,0
79fox0,tn,0.0,Lawmakers at the scene of Wednesday’s baseball practice shooting described themselves as “sitting ducks” and said the violence would have been a “massacre” if not for Majority Whip Steve Scalise's detail -- spurring new questions over whether congressional security practices should be overhauled.,0,0
79fox3,tn,0.0,"The Congressman will require additional operations, and will be in the hospital for some time.""",0,0
79fox5,tn,0.0,His detail was credited with putting down the attacker and saving lives.,0,0
79fox10,tn,0.0,"“Forty guys get together at the same time, that would be a major security event normally, but I think we got a little excited and didn’t think things through as well as we could have.”",0,0
79fox13,tn,0.0,"The Wednesday attack injured Scalise; Matt Mika, a lobbyist for Tyson Foods; Zack Barth, a staffer from Texas Rep. Roger Williams’ office; and two U.S. Capitol Police officers, Special Agents Crystal Griner and David Bailey.",0,0
79fox25,tn,0.0,Rogers was injured during the attack when he dove into the dugout “like a pool without water.”,0,0
92hpo37,tn,0.0,"Former Sen. Scott Brown (R-Mass.) has not said what he will do, but the Associated Press reported Tuesday that he was ""leaning strongly"" towards a run and would likely announce his candidacy early next week.",0,0
93hpo5,tn,0.0,"""We’ve come a long way from my days going door to door for the Children’s Defense Fund and earning $16,450 as a young law professor in Arkansas—and we owe it to the opportunities America provides,"" Clinton said in a statement accompanying the returns.",0,0
77hpo11,tn,0.0,"Strzok subsequently joined the Mueller team, but left the team as soon as Mueller became aware of his anti-Trump texts.",0,0
99nyt27,tn,0.0,The Hunters are scheduled to be arraigned Thursday morning in San Diego.,0,0
76hpo8,tn,0.0,"In addition, I intend to file cloture this week on the 9/11 health bill.",0,0
98nyt18,tn,0.0,"Critics worry that House Republican leaders and Senate Democrats are essentially negotiating a final deal, bypassing formal House-Senate negotiations, where conservatives had hoped to derail the process.",0,0
42NYT7,tn,0.0,They need to make clear that there is no place for the bigots in the Tea Party movement.”,0,0
43nyt4,tn,0.0,"Invoking patriotism as well as divine intervention – Mr. Obama stood against the backdrop of a giant American flag – he spoke before an audience that included unemployed construction workers, whose industry is among the hardest hit by the housing bust.",0,0
43nyt18,tn,0.0,"Mr. Obama’s transportation secretary, Ray LaHood, a former Republican congressman from Illinois, appeared with him at the Key Bridge and then went to the Capitol to meet with lawmakers.",0,0
46fox6,tn,0.0,Clinton was interviewed by FBI agents as part of the investigation into her exclusive use of a private email system while secretary of state. ,0,0
46fox22,tn,0.0,"Sen. Dianne Feinstein, D-Calif., the top Democrat on the Senate Judiciary Committee, said on NBC’s “Meet the Press” on Sunday that the panel has begun to see ""the putting together of a case of obstruction of justice"" against Trump.",0,0
47fox5,tn,0.0,"Trump uses Twitter on a daily basis, and his campaign was credited for its use of Facebook as one of the ways it secured its victory in November 2016.",0,0
5hpo2,tn,0.0,"According to messages obtained by The Atlantic’s Julia Ioffe, Trump Jr. messaged with the WikiLeaks account between September 2016 and July 2017.",0,0
5hpo4,fn,0.0,"(Federal officials believe WikiLeaks published material, including emails from the Democratic National Committee’s servers, that had been obtained via Russian hackers.)",1,0
5hpo20,tn,0.0,"“I think all of us have, you know, have had concerns about WikiLeaks over the years, and it’s just a reality of American life today, and of life in the wider world.”",0,0
5hpo25,tn,0.0,"Trump Jr. is expected to publicly testify before the Senate Judiciary Committee, according to the panel’s top Democrat, Sen. Dianne Feinstein of California.",0,0
4hpo0,tn,0.0,"A Republican staffer on Friday apologized for a Facebook post that criticized Malia and Sasha Obama's appearance at the annual White House turkey pardon ceremony, one of America's silliest holiday traditions.",0,0
29nyt0,tn,0.0,"Republican officials in Alabama staunchly defended their party’s Senate nominee, Roy S. Moore, after a report that he had made sexual advances toward four teenage girls when he was in his 30s.",0,1
29nyt11,tn,0.0,He said that he and other Alabama Republicans would continue to support their candidate and echoed Mr. Moore’s assertion that the Democratic Party had been behind the story.,0,0
29nyt17,tn,0.0,"“If they believe this man is predatory, they are guilty of allowing him to exist for 40 years,” he said.",0,0
54hpo12,tn,0.0,The Georgetown scholars pointed to the devastating impact of cuts in food programs that keep the poor from starvation.,0,0
55hpo0,tn,0.0,"Former Mexican President Vicente Fox says Mexico will not pay for a wall along the U.S. border, despite what GOP presidential hopeful Donald Trump may claim.",0,0
55hpo10,tn,0.0,"""They're followers of a false prophet.""",0,1
60nyt2,fn,0.0,“It’s ridiculous. It’s ridiculous. And it has to end.”,1,0
60nyt24,tn,0.0,"His discussion of the idea comes after the administration announced it was streaming more than 5,000 active-duty troops to the southern border, part of an election-season rash of executive action Mr. Trump has undertaken as he works to energize his anti-immigrant base.",0,0
60nyt33,tn,0.0,"“We’re a nation of immigrants made better by the diversity of its people, especially in NJ.",0,0
60nyt34,tn,0.0,We need compassionate comprehensive immigration reform now.”,0,0
60nyt41,tn,0.0,“How would this be possible if the U.S. had no jurisdiction over them?”,0,0
65FOX3,tn,0.0,"During a press conference in the state capital of Little Rock, Hutchinson said he wants to strike the ""right balance.""",0,0
65FOX17,fn,0.0,"Little Rock's mayor, the city's Chamber of Commerce and Arkansas-based data services company Acxiom all urged the governor to reject the measure in recent days.",1,0
65FOX18,tn,0.0,"The Human Rights Campaign, the nation's largest lesbian, gay, bisexual and transgender rights group, has run ads in Silicon Valley targeting technology firms Hutchinson hopes to attract to the state.",0,0
65FOX22,fp,0.0,"That is not true.""",0,0
65FOX23,tn,0.0,"Earnest also said the Indiana law was a ""significant expansion"" of current law.",0,0
17nyt8,tn,0.0,“Thank you and I look forward to talking to you Monday evening.”,0,0
13fox13,tn,0.0,"""Legal, well-regulated sport hunting as part of a sound management program can benefit certain species by providing incentives to local communities to conserve those species and by putting much-needed revenue back into conservation,"" the agency said in a statement.",0,0
84nyt3,tn,0.0,"“Of course I was surprised, who wouldn’t be?” said the legislator, Representative Carl Seel.",0,0
84nyt10,tn,0.0,"Kelly Townsend, a founder of the Greater Phoenix Tea Party, said Mr. Trump told them that he was interested in learning more about the legislation in Arizona.",0,0
84nyt13,tn,0.0,"“It’s not about Mr. Obama. It’s about preventing any questions from coming up in the future, putting something in place so no one could question it.”",0,0
85nyt15,tn,0.0,"After winning re-election in November, he resigned, citing his health and the federal investigation into his use of campaign money.",0,0
80fox24,tn,0.0,Much of the hour-long argument delved into the tedious details of class action law and if the Wal-Mart women could properly certify their claims into a single case.,0,0
81fox4,tn,0.0,"However, Brat offset the cash disadvantage with endorsements from conservative activists like radio host Laura Ingraham and with help from local Tea Party activists angry at Cantor.",0,0
22hpo10,fn,0.0,"House Democrats rejected Obama's trade agenda Friday by blocking a measure that would have granted him the power to fast-track sweeping, secretive international agreements through Congress.",1,0
84hpo11,tn,0.0,"In other words, it doesn't say how much they paid, where is the doctor, here's your room bill.""",0,0
84hpo24,tn,0.0,"""I'm only interested in Libya if we get the oil,"" Trump said.",0,0
26fox35,tn,0.0,"“We think we're hopeful because the people that elected Nancy Pelosi didn't elect her to come up here and do nothing and didn't elect her to play political games,” she said. ",0,0
22nyt23,tn,0.0,"“But now I think the president and his team could have a chance to drive a harder bargain, because they are now in the position of saying to all of these other countries ‘we need to maximize the number of winners.’”",0,0
23nyt7,tn,0.0,"A spokeswoman for Representative K. Michael Conaway of Texas, the Republican leading the investigation, did not immediately respond to a request for comment.",0,0
23nyt13,tn,0.0,"The Flynn Intel Group was paid more than $500,000 to represent Turkey in a dispute with the United States government while Mr. Flynn was advising the Trump campaign.",0,0
0fox0,fn,0.0,"Paul Ryan went on offense Tuesday in response to criticism over his Medicare plan, using an interview with Fox News coupled with a new TV ad to claim President Obama’s health care plan treats the treasured entitlement like a “piggy bank,” while the “Romney-Ryan” plan preserves it.",1,0
0fox1,tn,0.0,"Ryan, in his first one-on-one interview since being named Saturday as Mitt Romney’s running mate, told Fox News on Tuesday he thinks Medicare can be a winning issue for their campaign.",0,0
0fox10,tn,0.0,The Romney campaign retorted with an ad of its own Tuesday.,0,0
0fox30,tn,0.0,And the ObamaCare cuts he referenced would likely come in the form of lower payments to providers.,0,0
0fox39,tn,0.0,"And sooner or later, we basically started sharing the microphones at these town hall meetings and we just kind of developed a chemistry with one another and a mutual understanding with each other.”",0,0
1fox0,fn,0.0,"Donald Trump announced Tuesday that he is bowing out as the moderator for a Republican presidential debate later this month, after most candidates in the field opted not to attend.",1,0
4nyt2,tp,0.0,"By Monday, Ms. Lauten had resigned as communications director to Representative Stephen Fincher, a farmer and gospel singer perhaps best known for his whimsically named hometown, Frog Jump.",1,0
29hpo11,fn,0.0,"But after Moore won, Trump disavowed his endorsement of Strange, deleting tweets in support of him.",1,0
29hpo12,tp,0.0,"And the day after the primary, the president tweeted in support of Moore, calling him “a really great guy.”",1,0
5nyt12,tn,0.0,"“Already did that earlier today,” Mr. Trump said in response.",0,0
28hpo7,fp,0.0,But it is his background in politics that had Democrats reacting with severe reservation.,0,1
28hpo12,tn,0.0,"And more to the point, it is not as if there is no one else qualified to do this job.",0,0
28hpo25,fn,0.0,"The need for a new FBI director came after Trump fired Comey last week, a stunning move that occurred amid the FBI’s ongoing investigation into the Trump campaign’s ties to Russia.",1,1
51fox9,tp,0.0,"Chelsea Clinton called it ""vile and wrong"" in a Twitter post.",1,0
50fox11,tn,0.0,"""I can't help but think that those remarks are well over the line.",0,0
50fox15,tn,0.0,"Obama campaign deputy press secretary Ben Labolt also issued a statement Saturday shortly after Santorum told voters that Obama's agenda is ""not about you.",0,0
50fox16,tn,0.0,It's not about your quality of life. It's not about your jobs. It's about some phony ideal.,0,1
50fox19,tp,0.0,"It was ""a stark contrast with the president who is focused everyday on creating jobs and restoring economic security for the middle class,"" LaBolt said.",1,0
55nyt16,fn,0.0,"Mr. Trump, who has been criticized for lacing his campaign speeches with profanity, called on Mr. Fox to apologize for using foul language when talking about the wall.",1,0
61hpo0,tn,0.0,Presumptive GOP presidential nominee Mitt Romney on Tuesday joined a chorus of Republicans calling for Rep. Todd Akin (R-Mo.) to drop out of the U.S. Senate race in Missouri.,0,1
61hpo15,tn,0.0,Akin had also vowed to remain in the race earlier Tuesday on the radio show of former Republican presidential candidate Mike Huckabee.,0,0
18fox13,tn,0.0,"The ad, reportedly to air in Miami, West Palm Beach and Fort Myers, is costing Secure America $1 million, the organization confirmed to Fox News.",0,0
18fox19,fn,0.0,"To underscore that point, numerous polls have shown an erosion in Jewish support for the president.""",1,0
31nyt15,tn,0.0,"Saying President Obama, he said, was “too simple an answer.”",0,0
30nyt2,tn,0.0,"As the official, Lois Lerner, appeared under subpoena before the House Committee on Oversight and Government Reform, she sternly told her questioners that accusations that she had misled Congress in previous testimony were false.",0,0
30nyt9,tn,0.0,"But that upset other Republicans, who said that Ms. Lerner should not be let go so quickly.",0,0
30nyt17,tn,0.0,"And he may elect to do so, given the objections of some Republicans on Wednesday after he dismissed her.",0,0
30nyt18,tn,0.0,"They argued that by making an opening statement, she had waived her Fifth Amendment right and could be compelled to testify, a contention Ms. Lerner’s lawyer disputed.",0,0
96HPO6,tn,0.0,"Trump also said in his tweet that the Justice Department must act on “Comey and others,” a reference to former FBI Director James Comey, who was leading the investigation into whether Trump’s campaign colluded with Russia to influence the election until Trump fired him in May.",0,0
78nyt5,fn,0.0,"“This is certainly not what Vice Chairman Ruppersberger was hoping to get,” Mr. Petraeus wrote, referring to Representative C. A. Dutch Ruppersberger of Maryland, the top Democrat on the House Intelligence Committee, which had asked Mr. Petraeus for talking points to use with reporters in discussing the attack on Benghazi.",1,0
97hpo4,tn,0.0,"The campaign and the state party intend to cooperate with the U.S. Attorney's office and the state legislative committee and will respond to the subpoenas accordingly.""",0,0
79nyt9,tn,0.0,"Some members of Congress had not expected to stay behind for the annual showdown, with families and district business waiting for them.",0,0
79nyt11,tn,0.0,"“We come here, and these members become our family,” Representative John Lewis, Democrat of Georgia, said at the Capitol before a game he had not intended to see.",0,0
79nyt18,tn,0.0,More sustainable.,0,0
79nyt36,tn,0.0,"Ms. Pelosi sat for an interview alongside Speaker Paul D. Ryan, Republican of Wisconsin.",0,0
98fox14,tn,0.0,"Obama told Senate Democrats this week that he believes that Boehner will make sure immigration reform is passed this year, according to The Hill, a a political publication in Washington, D.C.",0,0
73hpo4,tn,0.0,"""And you exemplify it.",0,0
73hpo15,tn,0.0,"McMahon, the CEO of World Wrestling Entertainment, is one of the Republican Senate candidates running to face Blumenthal in November.",0,0
73hpo22,tn,0.0,"-Here are the facts: unlike many of his peers, Dick Blumenthal voluntarily joined the Marine Corps Reserves in 1970 and served for six months in Parris Island, SC and six years in the reserves.",0,0
46nyt13,fn,0.0,"A few days later, the F.B.I. director at the time, James B. Comey, recommended no charges be filed against her in the matter.",1,0
47nyt8,tn,0.0,"“All of the fools that are so focused on looking only at Russia should start also looking in another direction, China,” Mr. Trump wrote. ",0,1
47nyt13,tn,0.0,"In the case of Mr. Jones, it did not initially join the other major platforms in removing his content, and has since taken relatively minor steps against him.",0,0
42FOX21,tn,0.0,"The NAACP resolution, first reported by the Kansas City Star, was expected to make reference to the March incident on Capitol Hill.",0,0
43fox16,tn,0.0,House Republicans have argued that the procedural votes don't take up very much time.,0,0
76fox5,fp,0.0,"""This strategy is very cynical but very obvious and transparent,"" he said in a statement.",0,0
77fox6,tn,0.0,"The Deputy Director, as the senior career FBI official, has the delegated authority to review and modify any disciplinary findings and/or penalty as deemed necessary in the best interest of the FBI.”",0,0
77fox7,fn,0.0,"Strzok appeared to launch a new Twitter account to fire back, saying he's ""deeply saddened"" by the decision and linking to a GoFundMe page. ",1,0
77fox8,fp,0.0,"President Trump and his allies for months, though, have hammered the former FBI agent and cast him as the poster child for anti-Trump bias within the bureau and Justice Department. ",0,0
72nyt1,tn,0.0,"After the meeting with Mr. Obama, which lasted more than an hour, Mr. Sanders gave no indication that he was ready to leave the race just yet, insisting that he would compete in next week’s primary contest here in Washington.",0,0
73nyt2,tn,0.0,“And you exemplify it.,0,0
73nyt25,fp,0.0,But the way he speaks about his military service has led to confusion and frequent mischaracterizations of his biography in his home state newspapers.,0,0
73nyt26,tn,0.0,"In at least eight newspaper articles published in Connecticut from 2003 to 2009, he is described as having served in Vietnam.",0,0
46hpo0,tn,0.0,"WASHINGTON ― President Donald Trump on Monday defended his former national security adviser, Michael Flynn, by invoking his 2016 election opponent, Hillary Clinton.",0,0
46hpo5,fn,0.0,"Flynn lied, and it’s like, it ruined his life.",1,0
48fox12,tp,0.0,"""His conduct is unbecoming of a member of Congress.",1,0
49fox12,tn,0.0,"""Well, we'll have to take a look at that, won't we?""",0,0
30hpo8,tn,0.0,Lerner is a key figure in the unfolding IRS scandal.,0,0
31hpo4,tn,0.0,"""Progressivism,"" he declared, ""is eating the Constitution.""",0,0
31hpo17,tn,0.0,'One party won't tax and will spend.,0,0
31hpo22,fp,0.0,"I'm addicted to spending and big government,"" he declared, reading out the apology he wanted lawmakers to deliver.",0,0
93fox3,tn,0.0,"They also donated $15 million to charity, and paid an additional $13.6 million in state taxes.",0,0
92fox3,tn,0.0,Both political parties will hold special-election primaries in mid May.,0,0
79hpo34,tn,0.0,"He said he heard at least 30 shots and got down on the ground, but couldn’t see the shooter.",0,0
79hpo38,tn,0.0,This year’s game is scheduled for Thursday night.,0,0
78hpo32,tn,0.0,"After 11 hearings, 25,000 pages of documents, and now this release, we can hopefully spend our time working on what’s important – what we can do together to ensure those serving their nation overseas are better protected than they were last September.”",0,0
81hpo7,tn,0.0,"""I think the people are just ready for some major changes in this country.""",0,0
80hpo20,tn,0.0,"But several of their more conservative colleagues appeared to agree with Theodore Boutrous Jr., representing Wal-Mart, that even subjecting the company to a trial would be unfair.",0,0
13hpo10,tn,0.0,"The forum, which ended Friday, was hosted by the Safari Club International Foundation and the United Republic of Tanzania.",0,0
13hpo11,fn,0.0,"The Safari Club’s political action committees donated a collective $24,500 to Trump’s presidential campaign and Zinke’s 2014 and 2016 congressional campaigns, according to Federal Election Commission data.",1,0
12hpo10,tn,0.0,The task force also suggested that states loosen current legal restrictions on who can carry a firearm on school property.,0,0
22fox8,tn,0.0,The White House and Republican leaders in Congress now face long odds in trying to revive the trade legislation after congressional Democrats helped defeat a job retraining program to jeopardize Obama's attempt to secure the fast-track authority.,0,0
23fox2,tn,0.0,The committee's action comes a day after Flynn’s lawyer notified the committee that his client will invoke his Fifth Amendment protection against self-incrimination and not comply with the committee’s subpoena seeking documents related to its investigation.,0,0
23fox5,tn,0.0,Trump fired Flynn in February because he misled Vice President Mike Pence about conversations he had with Russia’s ambassador about potentially easing economic sanctions.,0,0
26nyt17,tn,0.0,"In her first legislative act as speaker, Ms. Pelosi plans on Thursday to bring up two bills to reopen the government.",0,0
55fox27,fp,0.0,"""I'm here to tell you: They do not, they do not, they do not represent the view of the vast majority of the American people.”",0,0
51nyt25,tn,0.0,"“He blows away their case against him & now wants to clear his name by showing ‘the false or misleading testimony by James Comey, John Brennan …’ Witch Hunt!”",0,0
50nyt6,tn,0.0,“I can’t help but think that those remarks are well over the line.,0,1
50nyt22,tp,0.0,"Asked whether he was suggesting that Mr. Obama lacked sympathy for the disabled, Mr. Santorum did not back down, saying, “I think the president has a very bad record on the issue of abortion and children who are disabled.”",1,0
4fox6,tn,0.0,"The tradition of Thanksgiving turkeys being presented to the president dates back to 1947, with the turkey pardon being permanently instituted in 1989.",0,0
4fox7,tn,0.0,"Lauten later apologized for her original post, writing ""I quickly judged the two young ladies in a way that I would never have wanted to be judged myself as a teenager.",0,0
1nyt7,tn,0.0,"“I must leave all of my options open because, above all else, we must make America great again!” he said.",0,0
1nyt9,tn,0.0,Newt Gingrich and Rick Santorum were the only two Republicans who agreed to participate.,0,0
19nyt0,tn,0.0,"President Obama’s chief of staff used former President Bill Clinton as an intermediary to see if Representative Joe Sestak would drop out of Pennsylvania’s Democratic Senate primary if given a prominent, but unpaid, advisory position, the White House said on Friday.",0,0
19nyt6,fn,0.0,Mr. Bauer went on to say that such horse-trading has been commonplace through history.,1,0
19nyt20,tn,0.0,"Mr. Sestak first mentioned publicly in February that he had been offered a job but provided no details, and the White House for three months had refused to discuss it, generating intense criticism from Republicans who accused it of trying to bribe a congressman and deep consternation among Democrats who called on the administration to answer questions.",0,0
64hpo6,tn,0.0,I am trying to save lives and prevent the next terrorist attack.,0,0
64hpo10,fp,0.0,"Trump noted in his statement that the gunman, Omar Mateen, was ""the son of an immigrant from Afghanistan who openly published his support for the Afghanistani Taliban and even tried to run for President of Afghanistan.""",0,0
65HPO10,fn,0.0,"CEO Doug McMillon called on the governor to veto the bill, which he said ""threatens to undermine the spirit of inclusion.""",1,0
51hpo0,tn,0.0,Kathy Griffin Apologizes For Controversial Images Of Bloodied Trump Head,0,0
51hpo4,tn,0.0,“Kathy is all about pushing the limits and she went above and beyond on this one.,0,0
51hpo10,tn,0.0,"UPDATE - May 30, 10 p.m.: Kathy Griffin issued a formal apology for the controversial images on Twitter.",0,0
28fox9,tn,0.0,"Some Republican senators called the idea of Lieberman replacing Comey “intriguing,” but Sen. Claire McCaskill, D-Mo., said it was a “mistake” to nominate him.",0,0
0hpo2,tn,0.0,While the president's team has pointed to the Republican plan to turn Medicare into a quasi-voucher program -- in which recipients would receive a check to buy either insurance through the private market or traditional Medicare -- the Romney team has responded by noting that Obama took more than $700 billion out of Medicare as part of his health care overhaul.,0,0
0hpo17,tn,0.0,"""It turns out, Senator McCain would pay for part of his plan by making drastic cuts in Medicare: $882 billion worth -- $882 billion in Medicare cuts to pay for a ill-conceived, badly thought-through health care plan that won't provide more health care to people, even though Medicare is already facing a looming shortfall,"" Obama declared at a campaign stop in Roanoke, Va.",0,0
0hpo18,tn,0.0,"Douglas Holtz-Eakin, McCain's policy director at the time, recalled that the attack originated with a Wall Street Journal article that referenced his saying that McCain would assume savings in Medicare and Medicaid spending to make his health care plan budget neutral.",0,0
18hpo4,tn,0.0,Those markets house some of the state’s largest Jewish communities.,0,0
18hpo10,tn,0.0,I’m not going to do that.”,0,0
65NYT9,tn,0.0,But we stay close.”,0,0
65NYT23,tn,0.0,"He would contact a cousin, Tim C. Hutchinson, who sat in the State House of Representatives, to register his views.",0,0
64nyt13,tn,0.0,"“If we do not get tough and smart real fast, we are not going to have a country anymore,” Mr. Trump said in a statement.",0,0
64nyt15,tn,0.0,I am trying to save lives and prevent the next terrorist attack.”,0,0
64nyt27,tn,0.0,"“The shooter targeted a nightclub where people came together to be with friends, to dance and to sing, and to live,” Mr. Obama said.",0,0
61fox6,tp,0.0,"Romney released a statement late Tuesday saying: ""As I said yesterday, Todd Akin's comments were offensive and wrong and he should very seriously consider what course would be in the best interest of our country.",1,0
60fox12,fp,0.0,"“How ridiculous, we’re the only country in the world where a person comes in, has a baby, and the baby is essentially a citizen of the United States for 85 years with all of those benefits,” Trump said.",0,1
80nyt22,tn,0.0,"“On the one hand, you say the problem is that they were utterly subjective, and on the other hand you say there is strong corporate culture that guides all of this. Well, which is it?”",0,0
80nyt25,tn,0.0,"“If somebody tells you how to exercise discretion,” he said, “you don’t have discretion.”",0,0
80nyt51,tn,0.0,“Then you would say every single company is in violation of Title VII” of the Civil Rights Act?,0,0
81nyt25,tn,0.0,"Mr. Cantor had won primaries in his district, which stretches from Richmond to the Washington suburbs, with as much as 79 percent of the vote, and he won the general election race for a seventh term in 2012 with 58 percent.",0,0
81nyt29,tn,0.0,"Mr. Boehner said Tuesday that he and Mr. Cantor had “been through a lot together,” making “tough choices that come with governing.”",0,0
84fox2,tn,0.0,"""I have people that actually have been studying it and they cannot believe what they're finding,"" Trump told NBC's ""Today"" show on Thursday.",0,0
84fox3,tn,0.0,"Officials in Hawaii have certified Obama's citizenship, but a segment of society -- labeled ""birthers"" in the vernacular -- have demanded additional proof.",0,0
84fox26,tn,0.0,"""I'm only interested in Libya if we get the oil,"" Trump said.",0,0
85fox12,tn,0.0,"The Jacksons were appearing separately before U.S. District Judge Robert L. Wilkins in Washington, D.C. Jackson's wife spent $5,150 on fur capes and parkas, court documents said.",0,0
85fox17,tn,0.0,"However, one of her lawyers, Tom Kirsch, says the plea agreement ""does not contemplate a sentence of that length.""",0,0
12nyt4,tn,0.0,"Among the study’s central conclusions is that “the presence of armed security personnel adds a layer of security and diminishes response time” in a shooting, Mr. Hutchinson said.",0,0
12nyt9,fn,0.0,I don’t think the proper response is to arm all the projectionists in the movie theaters or all the vendors in the mall.”,1,0
12nyt19,tn,0.0,"On Tuesday, a proposal that would require public and charter schools to have an armed “protection officer” on school property during class hours passed a State House committee.",0,0
16fox1,tp,0.0,"The self-titled America's Toughest Sheriff, who famously re-instituted chain gangs in 1995 and has also been a major supporter of his state's controversial SB1070 immigration law, said that Perry has done more to combat illegal immigration along the U.S. border then any of the other candidates.",1,1
27hpo17,tp,0.0,"“It’s a very opportunistic move and I hope U.S. public opinion, U.S. citizens can see this and finally, and finally see what is behind Trump, this false prophet that is just cheating everybody,” he added.",1,0
14hpo2,tn,0.0,"On Thursday, he told reporters in Washington that the Justice Department would thoroughly investigate the case, and would ""continue to stand with Ferguson.""",0,0
14hpo8,tn,0.0,"He agreed somewhat to what everyone said,” McCoy added.",0,0
14hpo36,tn,0.0,"“We need concrete action to change things in this country,” he said, according to excerpts provided by the Justice Department.",0,0
14hpo38,tn,0.0,"As I was just telling these young people, change is possible.",0,0
15hpo7,tn,0.0,"""Both parties have failed our country... both parties have led us to believe that America, a country that was built on compromise -- that compromise is somehow a dirty word,"" Christie said.",0,0
15hpo24,tn,0.0,"His image suffered a major blow in 2014, when it was revealed members of his administration, including his deputy chief of staff, were involved in a plot to cause traffic jams near the George Washington Bridge to retaliate against a mayor who hadn't supported Christie's 2013 re-election.",0,0
86hpo9,tn,0.0,Mattis had previously argued that a small U.S. presence should remain because the counterterrorism mission there is ongoing and removing troops now would cause more problems for the region.,0,0
87hpo5,tn,0.0,Perry has recently stepped up his attacks on Obama for cultural issues.,0,0
69nyt16,tn,0.0,They included the placement of a bomb at the outer wall of the compound in June and an ambush that month on the British ambassador.,0,0
69nyt18,tn,0.0,Mrs. Clinton first publicly took responsibility for the Sept. 11 attack in an Oct. 15 interview with television reporters.,0,0
25fox6,tn,0.0,“It’s very simple.,0,0
25fox14,tn,0.0,"In a letter to Senate Majority Leader Mitch McConnell and Reid, Obama warned the bill could cause chaos in U.S. foreign affairs, as other countries would use the measure to justify the creation of ways to target ""U.S. policies and activities that they oppose.""",0,0
25fox17,tn,0.0,"But Cornyn, one of the bill's leading proponents, dismissed Obama's concerns as ""unpersuasive.""",0,0
25fox23,tn,0.0,"With the override, the bill will now become law.",0,0
25fox26,tn,0.0,Fifteen of the 19 Sept. 11 hijackers were Saudi nationals.,0,0
24fox19,tn,0.0,"Instead, it accuses him of witness tampering, obstruction and false statements about his interactions related to WikiLeaks' release.",0,0
21nyt8,tn,0.0,"“We’re seeing a lot of marijuana coming over from Colorado,” said Sheriff Adam Hayward of Deuel County, Neb., who said that he was gratified that the two states were challenging Colorado’s marijuana laws.",0,0
20nyt4,tn,0.0,"But as the ranking Republican on the Judiciary Committee, Mr. Grassley could assume the chairmanship if his party takes control of the Senate this year.",0,0
20nyt6,tn,0.0,"America Rising, a conservative political action committee that has vowed to use videos and opposition research to attack Democratic candidates, posted the footage on YouTube on Tuesday.",0,1
20nyt11,tn,0.0,Ms. Ernst said that qualified her to “cut pork” in Washington.,0,0
3fox6,tn,0.0,"But, in a surprise move, Senate Democrats, meeting behind closed doors to discuss the tax deal, have asked the administration for ""changes"" to the bill, according to Sen Dick Durbin, D-Ill., the No. 2 Democrat in the chamber.",0,0
3fox25,tn,0.0,"Speaking to reporters at a joint appearance with Polish President Bronislaw Komorowski, Obama said economists predict higher job growth in 2011 and 2012 if Congress passes the agreement and urged lawmakers to examine the details of the deal and ""get this done.""",0,0
7nyt12,tn,0.0,"I don’t think that’s O.K. You might think it’s O.K. that an associate of the president made direct contact with the G.R.U. through Guccifer 2.0 and WikiLeaks; that is considered a hostile intelligence agency,” Mr. Schiff said, referring to Russian military intelligence and a Russian intelligence hacker.",0,0
6nyt18,tn,0.0,"Representative Jerrold Nadler, a Democrat who represents the district that includes ground zero, said he doubted that the fight over the mosque would inflict much damage on fellow Democrats in the November elections.",0,0
6nyt27,tn,0.0,But Mr. Gingrich showed no sign of backing down on Monday.,0,0
53fox25,tn,0.0,"Campaign aides say Huckabee’s path to winning the party nomination this time will be to appeal to working-class cultural conservatives, pitching their candidate as an economic populist and foreign affairs hawk who holds deeply conservative views on social issues such as abortion and gay marriage.",0,0
56nyt39,tn,0.0,"“You maybe get a political issue, but you won’t get results.",0,0
63hpo1,tn,0.0,"Asked for her reaction to Tlaib’s “colorful language” ― the new Democratic congresswoman vowed to “impeach that motherfucker,” referring to Trump ― Pelosi said it was a free speech issue.",0,0
63hpo2,tn,0.0,"“I probably have a generational reaction to it, but in any event I’m not in the censorship business,” she told MSNBC’s Joy Reid in a town hall interview set to air in full Friday evening.",0,0
63hpo14,tn,0.0,"Pelosi told Reid that the comment might fire up Trump’s base, but doesn’t actually make much of a difference to actual House business.",0,0
62hpo2,tn,0.0,"They are not secret, in that every member of Congress has been briefed,"" he said during a speech in San Jose, Calif.",0,0
62hpo20,fn,0.0,"Obama ran as an antidote to Bush's policies in 2008, but the reports reveal that he has continued many of them, leading to concerns over the reach of the national security state.",1,0
89fox8,fn,0.0,“That’s just equality 101.”,1,0
89fox17,tn,0.0,"To the extent that we need to clarify through legislative action, we plan to do just that.”",0,0
89fox21,tn,0.0,"Bosma acknowledged a major concern is whether businesses will now be legally permitted to deny services to some people, as a result of the law, and that even he is unclear.",0,0
88fox10,tp,0.0,"""She's no rookie to these high-profile deals — she gives both sides their due,"" said Doug Cole, a political consultant whose firm has run all of Brewer's campaigns for decades.",1,0
57hpo1,tp,0.0,"“I can’t imagine what this place would be ― I can’t imagine what the country would be ― with Donald Trump as our president,” Ginsburg told The New York Times in an article published Sunday.",1,0
57hpo11,fn,0.0,"Dmitry Bam, a professor at the University of Maine School of Law who has written on judicial recusals and ethics, said “there is little question that she has crossed a line.”",1,0
56hpo6,tn,0.0,"MoveOn.org, one of the most influential progressive organizations in Washington, similarly panned the agreement that 33 Senate Democrats voted to advance to a final vote on Monday.",0,0
62nyt1,tn,0.0,"After rushing to declassify some carefully selected descriptions of the programs, James R. Clapper Jr., the director of national intelligence, conceded for the first time that the Prism program existed.",0,0
62nyt14,tn,0.0,"In separate but identical letters sent on Oct. 19, 2011, Assistant Attorney General Ronald Weich told two of Congress’s most outspoken critics of the efforts, Senators Ron Wyden of Oregon and Mark Udall of Colorado, both Democrats, that in December 2009 and February 2011 the Justice Department and intelligence agencies provided a classified document to Congress describing the surveillance efforts in detail.",0,0
63nyt1,tn,0.0,"But it took little more than 24 hours this week for a freshman House Democrat’s exuberant, expletive-laden impeachment promise to upend the bonhomie of a new Congress and prompt President Trump, by his own telling, to ask the newly elected speaker if Democrats planned to impeach him.",0,1
63nyt22,tn,0.0,"“And when your son looks at you and says: ’Momma, look, you won. Bullies don’t win.’",0,0
66fox0,tn,0.0,"WASHINGTON – Legally married same-sex couples will now be allowed to file federal joint tax returns, the IRS and Treasury Department announced Thursday.",0,0
66fox6,tn,0.0,"""Today's ruling provides certainty and clear, coherent tax filing guidance for all legally married same-sex couples nationwide.",0,0
67fox9,tp,0.0,"""AARP's new and welcome position is a positive step towards the type of reforms I've championed, and I look forward to working with the organization to shape the changes in a way that makes the least detrimental impact to present and future retirees,"" she said in a statement.",1,0
67fox16,tn,0.0,"Asked about the possibility of Social Security entering budget talks at some point, White House Press Secretary Jay Carney reiterated past statements in saying President Obama does not see Social Security as a ""driver"" of the country's near-term deficits.",0,0
67fox18,tn,0.0,The back-and-forth comes amid new warnings about the future of Social Security.,0,0
15nyt3,tp,0.0,"Pacing the stage without a prepared text and raising his voice to a shout at times, he vowed to campaign and govern as a colorful teller of difficult truths, even if “it makes you cringe every once in a while.”",1,0
15nyt12,fp,0.0,"Mr. Christie, whose dazzling rise as a national Republican in his first term was matched only by his spectacular loss of stature at home in his second, entered the presidential race bearing little resemblance to the candidate he once expected to be.",0,1
15nyt15,tp,0.0,The administration he pledged would be a paragon of ethics has instead conspired to mire an entire town in traffic and the governor’s office in scandal.,1,0
14nyt6,tn,0.0,"A grand jury has been convened and was scheduled to meet Wednesday to begin hearing evidence, said Edward Magee, a spokesman for Robert P. McCulloch, the prosecuting attorney for St. Louis County.",0,0
14nyt10,tn,0.0,"“I know the pain the Brown family is going through right now,” he said.",0,0
14nyt22,tn,0.0,"“And beyond the investigation itself, we will work with the police, civil rights leaders, and members of the public to ensure that this tragedy can give rise to new understanding — and robust action — aimed at bridging persistent gaps between law enforcement officials and the communities we serve.”",0,0
14nyt26,fn,0.0,"Norm Stamper, the former Seattle police chief who was in charge during the protests that rocked that city in 1999, said that the wrong tone was set from the first day in Ferguson.",1,0
14nyt43,fn,0.0,"When a demonstration ended shortly before midnight, many of the demonstrators prayed.",1,0
10fox31,fp,0.0,"""Today the Congress regulates our lives and redistributes our wealth in ways that would shock the Founders,"" he said.",0,0
87nyt7,fn,0.0,"The Perry ad was denounced by the Log Cabin Republicans, a gay men and lesbian group, which said it was “wrong for Governor Perry to assume being a person of faith does not afford one to support equality.”",1,0
69hpo3,tn,0.0,"""And I say that because in the unclassified ARB, it is -- I quote: 'Key questions surrounding the identity, actions and motivations of the perpetrators remain to be determined.'""",0,0
86nyt6,tn,0.0,"“My views on treating allies with respect and also being cleareyed about both malign actors and strategic competitors are strongly held,” Mr. Mattis wrote.",0,0
68hpo5,tn,0.0,Congressman Grimm asserts his innocence of any wrongdoing.,0,0
83fox4,fn,0.0,Americans don’t believe their leaders in Washington are listening and now is the time to change that.,1,0
83fox8,tn,0.0,“Eric is a good friend and I have tremendous respect for him.,0,0
83fox12,tn,0.0,Americans don’t believe their leaders in Washington are listening and now is the time to change that.”,0,0
83fox14,tn,0.0,"Economics professor Dave Brat, the Tea Party candidate who defeated Cantor, attacked the congressman as soft on border security and on people who come here illegally.",0,0
83fox26,tn,0.0,"Labrador supports a path to legal status, but only after evidence that enforcement has been improved, he has said.",0,0
82fox5,tp,0.0,"Bloomberg contrasted his business history with Trump's, saying ""I’ve built a business, and I didn’t start it with a million-dollar check from my father.""",1,0
82fox13,tp,0.0,"He deemed Trump's economic plan ""a con"" and ""a disaster in the making.""",1,0
58fox29,tn,0.0,"Fellow Democratic Sen. Chris Coons of Delaware slammed McConnell for refusing ""to meaningfully negotiate with Senate Democrats,"" but also called Trump's offer ""a first step toward comprehensive immigration reform.""",0,1
58fox48,tn,0.0,"“Compromise is not a sign of weakness — it’s a sign of strength, particularly when hundreds of thousands of families are being harmed.",0,0
58fox62,tn,0.0,,0,0
59fox8,tn,0.0,Boehner last week put a counter-proposal on the table that included $800 billion in revenue increases over the next decade.,0,0
8fox8,tp,0.0,"“[Obama] demonstrated a disregard for our moral purpose that at times flirted with disdain,” said Rubio, the son of Cuban immigrants.",1,0
21hpo5,tn,0.0,"In a statement, he said he intends to defend the state's marijuana laws.",0,0
36nyt9,tn,0.0,"At a news conference at the United Nations a little more than a week after The Times’s report, Mrs. Clinton first said she “chose not to keep” her private personal emails.",0,0
37nyt3,tn,0.0,"“Well, if he’s such a student of history, has he not understood that you know that’s the one thing you don’t do, is engage in a land war in Afghanistan?”",0,0
37nyt16,tn,0.0,"When Mr. Steele made the remarks, he was speaking to Republican contributors at a fund-raiser in Connecticut.",0,0
32fox0,tn,0.0,Sen. Ted Cruz has laid down the gauntlet in the growing war of words with Donald Trump over the Republican presidential candidates’ wives.,0,0
91hpo30,tn,0.0,But the organization has already harshly criticized the Obama administration for overreach.,0,1
91hpo37,tn,0.0,"The president's plan also calls on Congress to allocate resources to help schools, other educational institutions and houses of worship develop emergency management plans.",0,0
91hpo51,tn,0.0,We tried to be as comprehensive as possible.,0,0
90hpo4,tn,0.0,"When it becomes injected or infused with politics, that's a problem.""",0,0
90hpo6,fn,0.0,"Netanyahu was invited to speak in front of a joint session of Congress by House Speaker John Boehner (R-Ohio), who did not seek approval from the White House before sending the invitation.",1,0
75hpo12,tn,0.0,"Sen. Kirsten Gillibrand (D-N.Y.) said that the report should be released “without delay,” and House Speaker Nancy Pelosi (D-Calif.) and Senate Minority Leader Chuck Schumer (D-N.Y.) released a joint statement in agreement.",0,0
41nyt1,tn,0.0,"Now that President Obama, long a supporter of civil unions, has publicly embraced same-sex marriage, the question of precisely what legal status and protections should be granted to gay couples is emerging as an issue of the starkest possible contrast between the two presidential candidates.",0,0
41nyt6,tn,0.0,"“I don’t favor civil unions if it’s identical to marriage, and I don’t favor marriage between people of the same gender.”",0,0
41nyt13,tn,0.0,"Republicans and Democrats, in their reactions to the president’s support for same-sex marriage, said they saw a newly wide, and seemingly unbridgeable, gap between the two leaders on the issue.",0,0
40nyt9,fn,0.0,"Mr. Ryan tried to be respectful, listening to the vice president with a tilted head, choirboy smile and puppy-dog eyes, but he showed his irritation when Mr. Biden kept interrupting to attack his policy on Medicare.",1,0
40nyt12,tn,0.0,"He had to be contained and courteous when he debated Sarah Palin four years ago, lest he look like a bully.",0,1
45fox30,tn,0.0,"The Secret Service maintains a wide database of groups and individuals who have made threats in the past against presidents or other top political leaders and activists via email, letters or on social media.",0,0
44fox5,tn,0.0,"Democrats face an uphill battle in their efforts to take back the House, where Republicans hold a 242-190 seat advantage.",0,0
71fox1,tn,0.0,"Now it has become a symbol of whether you stand for or against same-sex marriage, or – alternately – the right to express your personal views without fear of retaliation.",0,0
71fox4,tn,0.0,“So I came out here to support Chick-fil-A and the movement.”,0,0
75nyt20,fp,0.0,"No one, including the president, is above the law.”",0,0
40hpo3,tn,0.0,"Two instant surveys of Americans watching the debate -- one by CBS, one by CNN -- showed mixed results.",0,0
40hpo53,fn,0.0,"But Biden, as expected, attempted to plow him over with broadsides.",1,0
40hpo59,tn,0.0,"He acknowledged that Romney’s Medicare plan would not cost seniors an extra $6,400 a year, despite the claim in a recently launched Obama campaign ad.",0,0
38fox21,tn,0.0,“We’ve done it in the past and we’ll do it again.,0,0
39fox1,tn,0.0,"Top Republican Sen. John Thune, of South Dakota, all but confirmed Wednesday that his party is willing to use what’s known as the “nuclear option,” to lower the vote threshold to confirm Judge Neil Gorsuch if Democrats try to filibuster.",0,0
39fox18,tn,0.0,"“If they don’t find Gorsuch acceptable, are they taking the position the vacancy should never be filled? At all?”",0,0
37hpo9,tn,0.0,"There are, of course, those who think we should pull out of Afghanistan, and they’re certainly entitled to make their case.",0,0
36hpo12,fn,0.0,"She admitted that “looking back,” it would have been better to carry the second phone.",1,0
95FOX11,fp,0.0,"Harf added that the department turned over about 300 emails to the Benghazi select committee, and noted that Clinton's successor as secretary of state, John Kerry, ""is the first ... to rely primarily on a state.gov email account.""",0,0
91nyt9,tn,0.0,The administration’s strategy reflects the uncertainty of gun politics in America and the desire by White House officials to address the Connecticut shooting while also confronting the broader deficiencies in the country’s criminal justice and mental health systems.,0,0
