,verb,stemlem,pos1,my_subj,my_valence,strength
0,abandon,abandon,verb,1,-1.0,0.0
1,abate,abat,verb,1,-1.0,0.0
2,abhor,abhor,anypos,2,-1.0,0.0
3,abhor,abhor,anypos,2,-1.0,0.0
4,abhor,abhor,verb,2,-1.0,0.0
5,abide,abid,anypos,2,1.0,1.0
6,abolish,abolish,verb,1,-1.0,0.0
7,abominate,abomin,verb,2,-1.0,0.0
8,abound,abound,verb,1,1.0,0.0
9,absentee,absente,anypos,1,-1.0,0.0
10,absolve,absolv,verb,2,1.0,0.0
11,absorbed,absorb,verb,1,0.0,0.0
12,abuse,abus,verb,2,-1.0,0.0
13,accede,acced,verb,2,1.0,0.0
14,accentuate,accentu,verb,2,0.0,0.0
15,accept,accept,verb,1,1.0,0.0
16,acclaim,acclaim,verb,2,1.0,1.0
17,accomplish,accomplish,verb,1,1.0,1.0
18,accord,accord,verb,1,0.0,0.0
19,accuse,accus,verb,2,-1.0,0.0
20,accusing,accus,anypos,2,-1.0,0.0
21,ache,ach,verb,2,-1.0,0.0
22,achieve,achiev,verb,1,1.0,1.0
23,achievement,achiev,anypos,1,1.0,1.0
24,acknowledge,acknowledg,verb,1,-1.0,0.0
25,acquit,acquit,verb,1,1.0,0.0
26,actual,actual,anypos,2,0.0,1.0
27,actuality,actual,anypos,2,0.0,0.0
28,admirable,admir,anypos,2,1.0,1.0
29,admire,admir,verb,2,1.0,1.0
30,admit,admit,verb,2,-1.0,0.0
31,adore,ador,verb,2,1.0,0.0
32,adrift,adrift,anypos,1,-1.0,0.0
33,adulterated,adulter,anypos,2,-1.0,0.0
34,advocate,advoc,verb,2,1.0,1.0
35,affect,affect,verb,1,0.0,0.0
36,affirm,affirm,verb,2,1.0,1.0
37,afflict,afflict,verb,1,-1.0,0.0
38,afford,afford,verb,1,1.0,0.0
39,affront,affront,verb,2,-1.0,0.0
40,aggravate,aggrav,verb,2,-1.0,0.0
41,aggressive,aggress,anypos,2,-1.0,0.0
42,agitate,agit,verb,2,-1.0,0.0
43,agonizing,agon,anypos,2,-1.0,0.0
44,agree,agre,verb,2,1.0,0.0
45,agreeable,agreeabl,anypos,2,1.0,0.0
46,ail,ail,verb,1,-1.0,0.0
47,air,air,verb,2,0.0,0.0
48,alarm,alarm,verb,1,-1.0,0.0
49,alas,ala,anypos,2,-1.0,0.0
50,alienate,alien,verb,1,-1.0,0.0
51,allay,allay,verb,2,1.0,0.0
52,allegation,alleg,anypos,2,-1.0,0.0
53,allege,alleg,verb,1,-1.0,0.0
54,alleviate,allevi,verb,1,1.0,0.0
55,alliance,allianc,anypos,2,0.0,1.0
56,allow,allow,verb,1,1.0,0.0
57,allure,allur,verb,2,1.0,0.0
58,alluring,allur,anypos,2,1.0,1.0
59,altogether,altogeth,anypos,2,0.0,0.0
60,amaze,amaz,verb,2,1.0,1.0
61,amazing,amaz,anypos,2,1.0,1.0
62,amazingly,amaz,anypos,2,1.0,1.0
63,ambush,ambush,verb,1,-1.0,0.0
64,ameliorate,amelior,verb,2,1.0,1.0
65,amplify,amplifi,verb,1,0.0,1.0
66,amputate,amput,verb,1,-1.0,0.0
67,amuse,amus,verb,2,1.0,0.0
68,amusing,amus,anypos,2,1.0,0.0
69,anger,anger,verb,2,-1.0,0.0
70,anguish,anguish,verb,2,-1.0,0.0
71,annihilate,annihil,verb,2,-1.0,0.0
72,annoy,annoy,verb,2,-1.0,0.0
73,annoying,annoy,anypos,2,-1.0,0.0
74,antagonize,antagon,verb,2,-1.0,0.0
75,anxious,anxious,anypos,2,-1.0,0.0
76,ape,ape,verb,2,-1.0,0.0
77,apparent,appar,anypos,1,0.0,0.0
78,apparently,appar,anypos,1,0.0,0.0
79,appeal,appeal,verb,1,1.0,0.0
80,appear,appear,anypos,1,0.0,0.0
81,appease,appeas,verb,1,1.0,0.0
82,applaud,applaud,verb,2,1.0,0.0
83,appreciate,appreci,verb,2,1.0,1.0
84,appreciative,appreci,anypos,2,1.0,0.0
85,apprehend,apprehend,verb,1,0.0,0.0
86,approve,approv,verb,1,1.0,1.0
87,argue,argu,verb,2,-1.0,0.0
88,argumentative,argument,anypos,2,-1.0,0.0
89,arousal,arous,anypos,2,1.0,1.0
90,arouse,arous,verb,2,1.0,0.0
91,arrogant,arrog,anypos,2,-1.0,0.0
92,aspire,aspir,verb,2,1.0,1.0
93,assail,assail,verb,1,-1.0,0.0
94,assassinate,assassin,verb,1,-1.0,1.0
95,assent,assent,verb,2,1.0,1.0
96,assess,assess,verb,2,0.0,0.0
97,assuage,assuag,verb,1,1.0,0.0
98,assure,assur,verb,2,1.0,1.0
99,assuredly,assur,anypos,2,1.0,1.0
100,astonish,astonish,verb,2,1.0,0.0
101,astonishing,astonish,anypos,2,1.0,1.0
102,astonishingly,astonish,anypos,2,1.0,1.0
103,astound,astound,verb,2,1.0,0.0
104,asunder,asund,anypos,2,-1.0,0.0
105,atrophy,atrophi,verb,2,-1.0,0.0
106,attack,attack,verb,1,-1.0,0.0
107,attain,attain,verb,1,1.0,1.0
108,attest,attest,verb,2,1.0,0.0
109,award,award,verb,1,1.0,0.0
110,avenge,aveng,verb,2,-1.0,0.0
111,aver,aver,verb,2,1.0,0.0
112,averse,avers,anypos,2,-1.0,0.0
113,avoid,avoid,verb,1,-1.0,0.0
114,awe,awe,verb,2,1.0,0.0
115,awesome,awesom,anypos,2,1.0,1.0
116,awful,aw,anypos,2,-1.0,0.0
117,babble,babbl,verb,2,-1.0,0.0
118,back,back,verb,1,1.0,0.0
119,baffle,baffl,verb,2,-1.0,0.0
120,bait,bait,verb,2,-1.0,0.0
121,balk,balk,verb,2,-1.0,0.0
122,banish,banish,verb,2,-1.0,0.0
123,bankrupt,bankrupt,verb,1,-1.0,0.0
124,bar,bar,verb,1,-1.0,0.0
125,barely,bare,anypos,1,-1.0,0.0
126,bask,bask,verb,1,1.0,0.0
127,bastard,bastard,anypos,2,-1.0,0.0
128,battle,battl,verb,1,-1.0,1.0
129,beautiful,beauti,anypos,2,1.0,0.0
130,beautify,beautifi,verb,2,1.0,1.0
131,befriend,befriend,verb,2,1.0,0.0
132,beg,beg,verb,2,-1.0,0.0
133,believe,believ,verb,2,0.0,0.0
134,belittle,belittl,verb,2,-1.0,0.0
135,belligerent,belliger,anypos,2,-1.0,0.0
136,beneficial,benefici,anypos,2,1.0,1.0
137,bereft,bereft,anypos,2,-1.0,0.0
138,beseech,beseech,verb,2,-1.0,0.0
139,betray,betray,verb,2,-1.0,0.0
140,beware,bewar,verb,1,-1.0,0.0
141,bewilder,bewild,verb,2,-1.0,0.0
142,bias,bias,verb,2,-1.0,0.0
143,bicker,bicker,verb,2,-1.0,0.0
144,bickering,bicker,anypos,2,-1.0,0.0
145,bitch,bitch,verb,2,-1.0,0.0
146,bitterly,bitter,anypos,2,-1.0,0.0
147,blab,blab,verb,2,-1.0,0.0
148,blackmail,blackmail,verb,1,-1.0,0.0
149,blame,blame,verb,2,-1.0,0.0
150,blasphemous,blasphem,anypos,2,-1.0,0.0
151,blast,blast,anypos,1,-1.0,1.0
152,blather,blather,verb,2,-1.0,0.0
153,bleed,blee,verb,1,-1.0,0.0
154,blemish,blemish,verb,1,-1.0,0.0
155,bless,bless,verb,2,1.0,0.0
156,blind,blind,anypos,1,-1.0,0.0
157,blinding,blind,anypos,2,-1.0,0.0
158,blister,blister,verb,2,-1.0,0.0
159,block,block,verb,1,-1.0,0.0
160,bloom,bloom,verb,1,1.0,0.0
161,blossom,blossom,verb,1,1.0,0.0
162,blur,blur,verb,1,-1.0,0.0
163,blurt,blurt,verb,2,-1.0,0.0
164,boast,boast,verb,2,-1.0,0.0
165,boil,boil,verb,2,-1.0,0.0
166,bolster,bolster,verb,2,1.0,0.0
167,bombard,bombard,verb,1,-1.0,1.0
168,bomb,bomb,verb,1,-1.0,1.0
169,boost,boost,verb,1,1.0,1.0
170,bore,bear,verb,2,-1.0,0.0
171,boring,bore,anypos,2,-1.0,0.0
172,bother,bother,verb,2,-1.0,0.0
173,brainwash,brainwash,verb,2,-1.0,0.0
174,brave,brave,verb,2,1.0,1.0
175,brazen,brazen,anypos,2,-1.0,0.0
176,break,break,verb,1,-1.0,0.0
177,breakdown,breakdown,verb,1,-1.0,0.0
178,brighten,brighten,anypos,1,1.0,0.0
179,brilliant,brilliant,anypos,2,1.0,1.0
180,bristle,bristl,verb,2,-1.0,0.0
181,brood,brood,verb,2,-1.0,0.0
182,brook,brook,verb,2,1.0,0.0
183,bug,bug,verb,1,-1.0,0.0
184,buckle,buckl,verb,1,-1.0,0.0
185,burdensome,burdensom,anypos,2,-1.0,0.0
186,burn,burn,verb,2,-1.0,0.0
187,butcher,butcher,verb,1,-1.0,0.0
188,calamity,calam,anypos,2,-1.0,0.0
189,calm,calm,verb,1,1.0,0.0
190,calming,calm,anypos,2,1.0,0.0
191,capitalize,capit,verb,1,1.0,1.0
192,captivate,captiv,verb,2,1.0,1.0
193,care,care,verb,1,1.0,0.0
194,caricature,caricatur,verb,2,-1.0,0.0
195,carp,carp,verb,2,-1.0,0.0
196,catastrophe,catastroph,anypos,2,-1.0,0.0
197,catastrophic,catastroph,anypos,2,-1.0,0.0
198,cave,cave,verb,1,-1.0,0.0
199,celebrate,celebr,verb,2,1.0,1.0
200,celebratory,celebratori,anypos,2,1.0,1.0
201,censure,censur,verb,2,-1.0,0.0
202,certain,certain,anypos,1,0.0,0.0
203,chaff,chaff,verb,2,-1.0,0.0
204,chagrin,chagrin,verb,2,-1.0,0.0
205,champion,champion,anypos,1,1.0,1.0
206,charm,charm,verb,2,1.0,0.0
207,charming,charm,anypos,2,1.0,1.0
208,chastisement,chastis,anypos,2,-1.0,0.0
209,chatter,chatter,verb,2,-1.0,0.0
210,chatterbox,chatterbox,anypos,2,-1.0,0.0
211,cheat,cheat,verb,2,-1.0,0.0
212,cheater,cheater,anypos,2,-1.0,0.0
213,cheer,cheer,verb,2,1.0,1.0
214,cherish,cherish,verb,2,1.0,0.0
215,chill,chill,verb,1,-1.0,0.0
216,chit,chit,anypos,2,-1.0,0.0
217,choke,choke,verb,1,-1.0,0.0
218,claim,claim,anypos,1,0.0,0.0
219,cleanse,cleans,verb,1,1.0,0.0
220,clear,clear,anypos,1,1.0,0.0
221,clog,clog,verb,1,-1.0,0.0
222,cloud,cloud,verb,2,-1.0,0.0
223,coax,coax,verb,2,1.0,0.0
224,coerce,coerc,verb,2,-1.0,0.0
225,collapse,collaps,verb,1,-1.0,0.0
226,collide,collid,verb,1,-1.0,0.0
227,comfort,comfort,verb,1,1.0,0.0
228,comforting,comfort,anypos,2,1.0,0.0
229,commend,commend,verb,2,1.0,1.0
230,compel,compel,verb,2,-1.0,0.0
231,compensate,compens,verb,2,1.0,1.0
232,complain,complain,verb,2,-1.0,0.0
233,complement,complement,verb,1,1.0,0.0
234,complicate,complic,verb,1,-1.0,0.0
235,compliment,compliment,verb,2,1.0,0.0
236,complimentary,complimentari,anypos,2,1.0,0.0
237,comprehend,comprehend,verb,2,0.0,0.0
238,compromise,compromis,verb,1,1.0,1.0
239,concede,conced,verb,2,-1.0,0.0
240,concern,concern,verb,1,-1.0,0.0
241,concerned,concern,anypos,2,-1.0,0.0
242,concur,concur,verb,2,1.0,0.0
243,condemn,condemn,anypos,2,-1.0,0.0
244,condemn,condemn,verb,2,-1.0,0.0
245,condone,condon,verb,2,1.0,0.0
246,confer,confer,verb,1,1.0,0.0
247,confess,confess,verb,2,-1.0,0.0
248,confide,confid,verb,2,0.0,0.0
249,confound,confound,anypos,1,-1.0,0.0
250,confound,confound,verb,1,-1.0,0.0
251,confounded,confound,anypos,1,-1.0,0.0
252,confront,confront,verb,1,-1.0,1.0
253,confuse,confus,verb,2,-1.0,0.0
254,confused,confus,anypos,2,-1.0,0.0
255,confusing,confus,anypos,2,-1.0,0.0
256,congratulate,congratul,verb,2,1.0,1.0
257,congratulatory,congratulatori,anypos,2,1.0,0.0
258,conjecture,conjectur,verb,2,0.0,0.0
259,conquer,conquer,verb,1,1.0,1.0
260,consent,consent,verb,2,1.0,0.0
261,consider,consid,verb,2,0.0,0.0
262,console,consol,verb,1,1.0,0.0
263,conspire,conspir,verb,2,-1.0,0.0
264,constrain,constrain,verb,1,-1.0,0.0
265,consume,consum,verb,1,-1.0,0.0
266,contaminate,contamin,verb,1,-1.0,0.0
267,contemplate,contempl,verb,2,0.0,0.0
268,contend,contend,verb,2,-1.0,1.0
269,content,content,verb,1,1.0,0.0
270,contradict,contradict,verb,2,-1.0,0.0
271,contravene,contraven,verb,2,-1.0,0.0
272,contrived,contriv,anypos,2,-1.0,0.0
273,convenient,conveni,anypos,2,1.0,0.0
274,convince,convinc,verb,1,1.0,1.0
275,cooperate,cooper,verb,1,1.0,0.0
276,correct,correct,anypos,1,1.0,1.0
277,corrupt,corrupt,verb,2,-1.0,0.0
278,court,court,verb,2,1.0,1.0
279,cow,cow,verb,1,-1.0,0.0
280,cowardly,coward,anypos,2,-1.0,0.0
281,crave,crave,verb,2,1.0,1.0
282,crazy,crazi,anypos,2,-1.0,0.0
283,cringe,cring,verb,2,-1.0,0.0
284,cripple,crippl,verb,2,-1.0,0.0
285,critical,critic,anypos,2,-1.0,0.0
286,criticize,critic,verb,2,-1.0,0.0
287,crumble,crumbl,verb,1,-1.0,0.0
288,crush,crush,verb,1,-1.0,0.0
289,cry,cri,verb,2,-1.0,0.0
290,curious,curious,anypos,2,1.0,0.0
291,curse,curs,verb,2,-1.0,0.0
292,cursed,curs,anypos,2,-1.0,0.0
293,cuss,cuss,verb,2,-1.0,0.0
294,cut,cut,verb,1,-1.0,0.0
295,damage,damag,verb,1,-1.0,0.0
296,damn,damn,verb,2,-1.0,0.0
297,damnation,damnat,anypos,2,-1.0,0.0
298,damned,damn,anypos,2,-1.0,0.0
299,dance,danc,verb,1,1.0,0.0
300,dangle,dangl,verb,2,-1.0,0.0
301,dare,dare,verb,2,1.0,0.0
302,daring,dare,anypos,2,1.0,1.0
303,darken,darken,verb,1,-1.0,0.0
304,darling,darl,anypos,2,1.0,0.0
305,darn,darn,anypos,2,-1.0,0.0
306,dash,dash,verb,1,-1.0,0.0
307,dastardly,dastard,anypos,2,-1.0,0.0
308,dawdle,dawdl,verb,2,-1.0,0.0
309,dawn,dawn,verb,1,1.0,0.0
310,daydream,daydream,verb,2,1.0,0.0
311,daze,daze,verb,2,-1.0,0.0
312,dazzle,dazzl,verb,2,1.0,0.0
313,dazzling,dazzl,anypos,2,1.0,1.0
314,deadlock,deadlock,verb,2,-1.0,0.0
315,debatable,debat,anypos,2,-1.0,0.0
316,debate,debat,verb,2,-1.0,0.0
317,decay,decay,verb,2,-1.0,0.0
318,decayed,decay,anypos,2,-1.0,0.0
319,deceitful,deceit,anypos,2,-1.0,0.0
320,deceive,deceiv,verb,2,-1.0,0.0
321,decide,decid,verb,1,0.0,1.0
322,decline,declin,verb,1,-1.0,0.0
323,decrease,decreas,verb,1,-1.0,0.0
324,decry,decri,verb,2,-1.0,0.0
325,deduce,deduc,verb,2,0.0,0.0
326,defamatory,defamatori,anypos,2,-1.0,0.0
327,defeat,defeat,verb,1,-1.0,0.0
328,defend,defend,verb,1,1.0,0.0
329,deform,deform,verb,1,-1.0,0.0
330,defy,defi,verb,2,-1.0,0.0
331,degenerate,degener,verb,2,-1.0,0.0
332,degrade,degrad,verb,2,-1.0,0.0
333,delight,delight,verb,2,1.0,0.0
334,delightful,delight,anypos,2,1.0,0.0
335,delude,delud,verb,2,-1.0,0.0
336,delusional,delusion,anypos,2,-1.0,0.0
337,demolish,demolish,verb,1,-1.0,0.0
338,deny,deni,verb,2,-1.0,0.0
339,denounce,denounc,verb,2,-1.0,0.0
340,deplorable,deplor,anypos,2,-1.0,0.0
341,deplore,deplor,verb,2,-1.0,0.0
342,depress,depress,verb,1,-1.0,0.0
343,depressing,depress,anypos,2,-1.0,0.0
344,deprive,depriv,verb,2,-1.0,0.0
345,desecrate,desecr,verb,2,-1.0,0.0
346,deserve,deserv,verb,2,1.0,0.0
347,desert,desert,verb,2,-1.0,0.0
348,desire,desir,verb,2,1.0,0.0
349,desirous,desir,anypos,2,1.0,0.0
350,despair,despair,verb,2,-1.0,0.0
351,despise,despis,verb,2,-1.0,0.0
352,destroy,destroy,verb,1,-1.0,0.0
353,deter,deter,verb,1,-1.0,0.0
354,deterrent,deterr,anypos,1,-1.0,0.0
355,detest,det,verb,2,-1.0,0.0
356,detract,detract,verb,1,-1.0,0.0
357,devastate,devast,anypos,2,-1.0,0.0
358,devastated,devast,anypos,2,-1.0,0.0
359,devastating,devast,anypos,2,-1.0,0.0
360,deviate,deviat,verb,1,-1.0,0.0
361,devious,devious,anypos,2,-1.0,0.0
362,devote,devot,verb,2,1.0,0.0
363,diatribe,diatrib,anypos,2,-1.0,0.0
364,differ,differ,verb,1,0.0,0.0
365,dig,dig,verb,1,1.0,0.0
366,dignify,dignifi,verb,1,1.0,1.0
367,digress,digress,verb,2,-1.0,0.0
368,dim,dim,anypos,1,-1.0,0.0
369,diminish,diminish,verb,1,-1.0,0.0
370,dirty,dirti,anypos,1,-1.0,0.0
371,disable,disabl,verb,1,-1.0,0.0
372,disagree,disagre,verb,2,-1.0,0.0
373,disagreeable,disagre,anypos,2,-1.0,0.0
374,disallow,disallow,verb,2,-1.0,0.0
375,disappoint,disappoint,verb,2,-1.0,0.0
376,disappointing,disappoint,anypos,2,-1.0,0.0
377,disapprove,disapprov,anypos,2,-1.0,0.0
378,disapproving,disapprov,anypos,2,-1.0,0.0
379,disarm,disarm,verb,1,-1.0,0.0
380,disbelieve,disbeliev,verb,2,-1.0,0.0
381,discern,discern,verb,2,0.0,0.0
382,discerning,discern,anypos,2,1.0,1.0
383,disclaim,disclaim,verb,2,-1.0,0.0
384,disconcerting,disconcert,anypos,2,-1.0,0.0
385,discourage,discourag,verb,2,-1.0,0.0
386,discouraging,discourag,anypos,2,-1.0,0.0
387,discredit,discredit,verb,2,-1.0,0.0
388,discriminate,discrimin,verb,1,-1.0,0.0
389,disdain,disdain,verb,2,-1.0,0.0
390,disdainful,disdain,anypos,2,-1.0,0.0
391,disgrace,disgrac,verb,2,-1.0,0.0
392,disgraceful,disgrac,anypos,2,-1.0,0.0
393,disgust,disgust,verb,2,-1.0,0.0
394,disgusting,disgust,anypos,2,-1.0,0.0
395,disheartening,dishearten,anypos,2,-1.0,0.0
396,dishonor,dishonor,verb,2,-1.0,0.0
397,disinclined,disinclin,anypos,2,-1.0,0.0
398,disintegrate,disintegr,verb,1,-1.0,0.0
399,dislike,dislik,verb,2,-1.0,0.0
400,disloyalty,disloyalti,anypos,2,-1.0,0.0
401,dismay,dismay,verb,2,-1.0,0.0
402,disobey,disobey,verb,2,-1.0,0.0
403,disown,disown,verb,2,-1.0,0.0
404,disown,disown,verb,2,-1.0,0.0
405,disorder,disord,verb,1,-1.0,0.0
406,disparage,disparag,verb,2,-1.0,0.0
407,displace,displac,verb,1,-1.0,0.0
408,displease,displeas,verb,2,-1.0,0.0
409,disprove,disprov,verb,2,-1.0,0.0
410,dispute,disput,verb,2,-1.0,0.0
411,disrespect,disrespect,verb,2,-1.0,0.0
412,disrespectful,disrespect,anypos,2,-1.0,0.0
413,disrupt,disrupt,verb,2,-1.0,0.0
414,dissuade,dissuad,verb,2,-1.0,0.0
415,distinguish,distinguish,verb,1,1.0,0.0
416,distort,distort,verb,2,-1.0,0.0
417,distract,distract,verb,1,-1.0,0.0
418,distress,distress,verb,2,-1.0,0.0
419,distrust,distrust,verb,2,-1.0,0.0
420,disturb,disturb,verb,2,-1.0,0.0
421,disturbing,disturb,anypos,2,-1.0,0.0
422,divide,divid,verb,1,-1.0,0.0
423,divine,divin,anypos,2,1.0,1.0
424,divorce,divorc,verb,1,-1.0,0.0
425,dominate,domin,verb,1,-1.0,1.0
426,doom,doom,verb,2,-1.0,0.0
427,doubt,doubt,verb,2,-1.0,0.0
428,downright,downright,anypos,2,0.0,0.0
429,dread,dread,anypos,2,-1.0,0.0
430,dread,dread,verb,2,-1.0,0.0
431,dreadful,dread,anypos,2,-1.0,0.0
432,dreadfully,dread,anypos,2,-1.0,0.0
433,dream,dream,verb,2,1.0,0.0
434,dud,dud,anypos,1,-1.0,0.0
435,dupe,dupe,verb,2,-1.0,0.0
436,dying,die,anypos,1,-1.0,0.0
437,earnestly,earnest,anypos,2,1.0,1.0
438,earnestness,earnest,anypos,2,1.0,0.0
439,ease,eas,verb,1,1.0,0.0
440,easily,easili,anypos,1,1.0,0.0
441,ejaculate,ejacul,verb,2,-1.0,0.0
442,electrify,electrifi,verb,1,1.0,1.0
443,elevate,elev,verb,1,1.0,1.0
444,eliminate,elimin,verb,1,-1.0,0.0
445,elite,elit,anypos,1,1.0,1.0
446,emaciated,emaci,anypos,2,-1.0,0.0
447,embarrass,embarrass,verb,2,-1.0,0.0
448,embarrassing,embarrass,anypos,2,-1.0,0.0
449,embellish,embellish,verb,2,1.0,1.0
450,embrace,embrac,verb,2,1.0,0.0
451,empathize,empath,verb,2,-1.0,0.0
452,emphatic,emphat,anypos,2,-1.0,1.0
453,empower,empow,verb,1,1.0,1.0
454,enable,enabl,verb,1,1.0,1.0
455,enchant,enchant,verb,2,1.0,0.0
456,enchanted,enchant,anypos,2,1.0,0.0
457,enchanting,enchant,anypos,2,1.0,1.0
458,encourage,encourag,verb,1,1.0,1.0
459,encroach,encroach,verb,1,-1.0,1.0
460,endanger,endang,verb,2,-1.0,0.0
461,endorse,endors,verb,2,1.0,0.0
462,endure,endur,verb,2,1.0,0.0
463,energize,energ,verb,1,1.0,1.0
464,engage,engag,verb,1,0.0,1.0
465,engrossing,engross,anypos,2,1.0,1.0
466,engulf,engulf,verb,1,-1.0,0.0
467,enhance,enhanc,verb,1,1.0,1.0
468,enjoin,enjoin,verb,2,-1.0,1.0
469,enjoy,enjoy,verb,1,1.0,1.0
470,enlighten,enlighten,verb,1,1.0,0.0
471,enliven,enliven,verb,1,1.0,1.0
472,enormous,enorm,anypos,2,-1.0,1.0
473,enormously,enorm,anypos,2,-1.0,1.0
474,enrich,enrich,verb,1,1.0,1.0
475,enslave,enslav,verb,2,-1.0,0.0
476,ensure,ensur,verb,1,1.0,1.0
477,entertain,entertain,verb,1,1.0,0.0
478,enthralled,enthral,anypos,2,1.0,0.0
479,entice,entic,verb,2,1.0,0.0
480,entire,entir,anypos,1,0.0,0.0
481,entrance,entranc,verb,1,1.0,0.0
482,entreat,entreat,verb,2,1.0,0.0
483,entrust,entrust,verb,1,1.0,0.0
484,envision,envis,verb,1,1.0,0.0
485,envy,envi,verb,2,-1.0,0.0
486,eradicate,erad,verb,1,-1.0,0.0
487,erase,eras,verb,1,-1.0,0.0
488,erode,erod,verb,1,-1.0,0.0
489,err,err,verb,2,-1.0,0.0
490,erroneous,erron,anypos,2,-1.0,0.0
491,eschew,eschew,verb,2,-1.0,0.0
492,esteem,esteem,verb,2,1.0,0.0
493,eulogize,eulog,verb,2,1.0,0.0
494,evaluate,evalu,verb,2,0.0,0.0
495,evade,evad,verb,1,-1.0,0.0
496,evident,evid,anypos,1,1.0,0.0
497,exacerbate,exacerb,verb,2,-1.0,0.0
498,exaggerate,exagger,verb,2,-1.0,0.0
499,exalt,exalt,verb,2,1.0,1.0
500,exceed,exceed,verb,2,1.0,0.0
501,excel,excel,verb,2,1.0,0.0
502,excellent,excel,anypos,2,1.0,1.0
503,exceptional,except,anypos,2,1.0,1.0
504,excite,excit,verb,1,1.0,0.0
505,exclaim,exclaim,verb,2,-1.0,0.0
506,exclude,exclud,verb,1,-1.0,0.0
507,excruciating,excruci,anypos,2,-1.0,0.0
508,excuse,excus,verb,1,1.0,0.0
509,exhaust,exhaust,verb,1,-1.0,0.0
510,exhilarating,exhilar,anypos,2,1.0,1.0
511,exhort,exhort,verb,2,-1.0,1.0
512,exile,exil,verb,1,-1.0,0.0
513,exonerate,exoner,verb,2,1.0,0.0
514,expel,expel,verb,1,-1.0,0.0
515,expire,expir,verb,2,-1.0,1.0
516,explode,explod,verb,1,-1.0,1.0
517,exploit,exploit,verb,2,-1.0,0.0
518,expose,expos,verb,1,-1.0,0.0
519,expound,expound,verb,1,0.0,1.0
520,exterminate,extermin,verb,2,-1.0,1.0
521,extinguish,extinguish,verb,1,-1.0,0.0
522,extol,extol,verb,2,1.0,0.0
523,extort,extort,verb,1,-1.0,0.0
524,extraordinary,extraordinari,anypos,2,1.0,1.0
525,extreme,extrem,anypos,2,-1.0,1.0
526,extremely,extrem,anypos,2,-1.0,1.0
527,fabricate,fabric,verb,1,-1.0,1.0
528,facilitate,facilit,verb,1,1.0,0.0
529,fact,fact,anypos,2,0.0,0.0
530,facts,fact,anypos,2,0.0,0.0
531,factual,factual,anypos,1,0.0,0.0
532,fail,fail,verb,1,-1.0,0.0
533,fall,fall,verb,1,-1.0,0.0
534,false,fals,anypos,2,-1.0,0.0
535,falsely,fals,anypos,2,-1.0,0.0
536,falsify,falsifi,verb,2,-1.0,0.0
537,falter,falter,verb,2,-1.0,0.0
538,familiar,familiar,anypos,1,0.0,0.0
539,fancy,fanci,verb,2,1.0,0.0
540,fantastic,fantast,anypos,2,1.0,1.0
541,farcical,farcic,anypos,2,-1.0,0.0
542,fascinate,fascin,verb,2,1.0,1.0
543,fascinating,fascin,anypos,2,1.0,1.0
544,fascination,fascin,anypos,2,1.0,1.0
545,fascist,fascist,anypos,2,-1.0,0.0
546,fathom,fathom,verb,1,1.0,0.0
547,fault,fault,verb,2,-1.0,0.0
548,favor,favor,verb,2,1.0,0.0
549,favorable,favor,anypos,2,1.0,1.0
550,faze,faze,verb,1,-1.0,0.0
551,fear,fear,verb,2,-1.0,0.0
552,fearfully,fear,anypos,2,-1.0,0.0
553,feel,feel,anypos,2,0.0,0.0
554,felt,feel,verb,2,0.0,0.0
555,feeling,feel,verb,2,0.0,0.0
556,feign,feign,verb,1,-1.0,0.0
557,fib,fib,verb,2,-1.0,0.0
558,finally,final,anypos,2,0.0,0.0
559,fine,fine,verb,1,-1.0,0.0
560,flabbergast,flabbergast,verb,2,-1.0,0.0
561,flabbergasted,flabbergast,anypos,2,-1.0,0.0
562,flagrant,flagrant,anypos,2,-1.0,0.0
563,flashy,flashi,anypos,1,-1.0,1.0
564,flatter,flat,verb,2,1.0,0.0
565,flaunt,flaunt,verb,2,-1.0,0.0
566,flirt,flirt,verb,2,-1.0,0.0
567,flirty,flirti,anypos,2,-1.0,0.0
568,floor,floor,verb,1,0.0,0.0
569,flounder,flounder,verb,2,-1.0,0.0
570,fool,fool,anypos,2,-1.0,0.0
571,foolish,foolish,anypos,2,-1.0,0.0
572,force,forc,verb,1,-1.0,1.0
573,forfeit,forfeit,verb,1,-1.0,0.0
574,forget,forget,verb,2,-1.0,0.0
575,forgetful,forget,anypos,2,-1.0,0.0
576,forgive,forgiv,verb,2,1.0,0.0
577,forgiving,forgiv,anypos,2,1.0,0.0
578,forsake,forsak,verb,2,-1.0,0.0
579,forsaken,forsak,anypos,2,-1.0,0.0
580,fortunate,fortun,anypos,2,1.0,1.0
581,foul,foul,verb,1,-1.0,0.0
582,fracture,fractur,verb,1,-1.0,0.0
583,frantically,frantic,anypos,2,-1.0,1.0
584,freak,freak,verb,2,-1.0,0.0
585,freakish,freakish,anypos,2,-1.0,0.0
586,freakish,freakish,anypos,2,-1.0,0.0
587,fret,fret,verb,2,-1.0,0.0
588,fright,fright,anypos,2,-1.0,0.0
589,frighten,frighten,verb,2,-1.0,0.0
590,frolic,frolic,verb,2,1.0,0.0
591,fumble,fumbl,verb,1,-1.0,0.0
592,fun,fun,verb,2,-1.0,0.0
593,frustrate,frustrat,verb,2,-1.0,0.0
594,frustrating,frustrat,anypos,2,-1.0,0.0
595,fudge,fudg,verb,2,-1.0,0.0
596,fume,fume,verb,2,-1.0,0.0
597,funny,funni,anypos,2,1.0,0.0
598,furiously,furious,anypos,2,-1.0,0.0
599,fuss,fuss,verb,2,-1.0,0.0
600,fussy,fussi,anypos,2,-1.0,0.0
601,gain,gain,verb,1,1.0,1.0
602,gaga,gaga,anypos,2,-1.0,0.0
603,gaggle,gaggl,verb,2,-1.0,0.0
604,gall,gall,verb,2,-1.0,0.0
605,galore,galor,anypos,2,1.0,1.0
606,gamble,gambl,verb,1,-1.0,0.0
607,gape,gape,verb,2,-1.0,0.0
608,gawk,gawk,verb,2,-1.0,0.0
609,geezer,geezer,anypos,2,-1.0,0.0
610,gibberish,gibberish,anypos,2,-1.0,0.0
611,glare,glare,verb,2,-1.0,1.0
612,glean,glean,verb,2,0.0,0.0
613,gleeful,gleeful,anypos,2,1.0,0.0
614,glimmer,glimmer,verb,2,1.0,0.0
615,glisten,glisten,verb,2,1.0,0.0
616,glitter,glitter,verb,2,1.0,1.0
617,glorify,glorifi,verb,2,1.0,0.0
618,glory,glori,verb,2,1.0,1.0
619,gloss,gloss,verb,2,-1.0,0.0
620,glow,glow,verb,2,1.0,1.0
621,glowing,glow,anypos,2,1.0,1.0
622,goddamn,goddamn,anypos,2,-1.0,0.0
623,godlike,godlik,anypos,2,1.0,1.0
624,good,good,anypos,1,1.0,0.0
625,goof,goof,verb,2,-1.0,0.0
626,gossip,gossip,verb,2,-1.0,0.0
627,grapple,grappl,verb,1,-1.0,0.0
628,grate,grate,verb,2,-1.0,0.0
629,grateful,grate,anypos,2,1.0,0.0
630,gratify,gratifi,verb,2,1.0,1.0
631,gratifying,gratifi,anypos,2,1.0,1.0
632,greet,greet,verb,2,1.0,0.0
633,grieve,griev,verb,2,-1.0,0.0
634,grievous,grievous,anypos,2,-1.0,0.0
635,grill,grill,verb,1,-1.0,0.0
636,grin,grin,anypos,2,1.0,0.0
637,gripe,gripe,verb,2,-1.0,0.0
638,groove,groov,verb,1,1.0,0.0
639,grouse,grous,verb,2,-1.0,0.0
640,growl,growl,verb,2,-1.0,0.0
641,grudge,grudg,anypos,2,-1.0,0.0
642,grudging,grudg,anypos,2,-1.0,0.0
643,grudgingly,grudg,anypos,2,-1.0,0.0
644,gruesome,gruesom,anypos,2,-1.0,0.0
645,grumble,grumbl,verb,2,-1.0,0.0
646,guarantee,guarante,verb,1,1.0,1.0
647,gush,gush,verb,1,1.0,0.0
648,haggle,haggl,verb,2,-1.0,0.0
649,hail,hail,verb,2,1.0,0.0
650,hamper,hamper,verb,2,-1.0,0.0
651,hamstring,hamstr,verb,2,-1.0,0.0
652,harass,harass,verb,1,-1.0,0.0
653,harden,harden,verb,1,-1.0,0.0
654,harmoniously,harmoni,anypos,2,1.0,0.0
655,harmonize,harmon,verb,2,1.0,0.0
656,hate,hate,verb,2,-1.0,0.0
657,haunt,haunt,verb,1,-1.0,0.0
658,hazard,hazard,verb,1,-1.0,1.0
659,heal,heal,verb,1,1.0,0.0
660,heavenly,heaven,anypos,2,1.0,1.0
661,hedge,hedg,verb,2,-1.0,0.0
662,help,help,verb,1,1.0,0.0
663,herald,herald,anypos,2,1.0,0.0
664,heroic,heroic,anypos,2,1.0,1.0
665,highlight,highlight,verb,2,1.0,1.0
666,hinder,hinder,verb,2,-1.0,0.0
667,hoard,hoard,verb,2,-1.0,0.0
668,hoax,hoax,verb,2,-1.0,0.0
669,honor,honor,verb,2,1.0,1.0
670,honorable,honor,anypos,2,1.0,1.0
671,hope,hope,verb,2,1.0,1.0
672,hopeful,hope,anypos,2,1.0,0.0
673,horrible,horribl,anypos,2,-1.0,0.0
674,horribly,horribl,anypos,2,-1.0,0.0
675,horrifying,horrifi,anypos,2,-1.0,0.0
676,humble,humbl,verb,2,1.0,0.0
677,humiliate,humili,verb,2,-1.0,0.0
678,humor,humor,verb,2,1.0,0.0
679,humorous,humor,anypos,2,1.0,0.0
680,hunger,hunger,verb,2,-1.0,0.0
681,hurt,hurt,verb,1,-1.0,0.0
682,hypnotize,hypnot,verb,1,0.0,0.0
683,hysterical,hyster,anypos,2,-1.0,0.0
684,idiocy,idioci,anypos,2,-1.0,0.0
685,idiot,idiot,anypos,2,-1.0,0.0
686,idiotic,idiot,anypos,2,-1.0,0.0
687,idiots,idiot,anypos,2,-1.0,0.0
688,idyllic,idyl,anypos,2,1.0,0.0
689,ignite,ignit,verb,1,0.0,0.0
690,ignore,ignor,verb,1,-1.0,0.0
691,illuminate,illumin,verb,2,1.0,1.0
692,illuminating,illumin,anypos,2,1.0,1.0
693,imagine,imagin,verb,2,0.0,0.0
694,imbecile,imbecil,anypos,2,-1.0,0.0
695,immediately,immedi,anypos,2,0.0,1.0
696,impair,impair,verb,2,-1.0,0.0
697,impeach,impeach,verb,2,-1.0,0.0
698,impede,imped,verb,2,-1.0,0.0
699,implicate,implic,verb,1,-1.0,0.0
700,imply,impli,verb,2,0.0,0.0
701,impose,impos,verb,2,-1.0,1.0
702,impress,impress,verb,1,1.0,1.0
703,imprison,imprison,verb,1,-1.0,0.0
704,improve,improv,verb,1,1.0,1.0
705,improvise,improvis,verb,2,1.0,0.0
706,incendiary,incendiari,anypos,2,-1.0,0.0
707,incense,incens,verb,1,-1.0,0.0
708,incite,incit,verb,1,-1.0,0.0
709,inconvenient,inconveni,anypos,2,-1.0,0.0
710,incorrect,incorrect,anypos,1,-1.0,0.0
711,incredible,incred,anypos,2,1.0,1.0
712,indiscretion,indiscret,anypos,2,-1.0,0.0
713,indulge,indulg,verb,2,-1.0,0.0
714,ineptitude,ineptitud,anypos,2,-1.0,0.0
715,infer,infer,verb,2,0.0,0.0
716,inflict,inflict,verb,2,-1.0,0.0
717,infuriate,infuri,verb,2,-1.0,0.0
718,infuriating,infuri,anypos,2,-1.0,0.0
719,inhibit,inhibit,verb,1,-1.0,0.0
720,injure,injur,verb,1,-1.0,0.0
721,inkling,inkl,anypos,2,0.0,0.0
722,insightful,insight,anypos,2,1.0,1.0
723,insinuate,insinu,verb,2,-1.0,0.0
724,insist,insist,verb,2,-1.0,0.0
725,insolence,insol,anypos,2,-1.0,0.0
726,inspire,inspir,verb,2,1.0,1.0
727,instigate,instig,verb,2,-1.0,0.0
728,insult,insult,verb,2,-1.0,0.0
729,insulting,insult,anypos,2,-1.0,0.0
730,intend,intend,verb,1,0.0,0.0
731,intercede,interced,verb,1,1.0,0.0
732,interest,interest,verb,1,1.0,0.0
733,interesting,interest,anypos,2,1.0,1.0
734,interfere,interfer,verb,1,-1.0,0.0
735,interrupt,interrupt,verb,1,-1.0,0.0
736,intimate,intim,verb,2,0.0,0.0
737,intimidate,intimid,verb,1,-1.0,0.0
738,intimidating,intimid,anypos,2,-1.0,1.0
739,intolerant,intoler,anypos,2,-1.0,0.0
740,intrigue,intrigu,verb,1,0.0,0.0
741,intriguing,intrigu,anypos,2,1.0,0.0
742,intrude,intrud,verb,2,-1.0,0.0
743,invalidate,invalid,verb,2,-1.0,0.0
744,invigorate,invigor,verb,1,1.0,1.0
745,irony,ironi,anypos,2,-1.0,0.0
746,irritate,irrit,verb,2,-1.0,0.0
747,irritating,irrit,anypos,2,-1.0,0.0
748,isolate,isol,verb,1,-1.0,0.0
749,itch,itch,verb,2,-1.0,0.0
750,jabber,jabber,verb,2,-1.0,0.0
751,jar,jar,verb,1,-1.0,0.0
752,jeering,jeer,anypos,2,-1.0,0.0
753,jeopardize,jeopard,verb,2,-1.0,0.0
754,jerk,jerk,anypos,2,-1.0,0.0
755,jest,j,verb,2,1.0,0.0
756,joke,joke,verb,2,1.0,0.0
757,jolly,jolli,anypos,2,1.0,1.0
758,jolt,jolt,verb,1,-1.0,0.0
759,joyous,joyous,anypos,2,1.0,1.0
760,justify,justifi,verb,2,1.0,0.0
761,keen,keen,verb,2,-1.0,1.0
762,kid,kid,verb,2,1.0,0.0
763,kill,kill,verb,1,-1.0,1.0
764,kiss,kiss,verb,1,1.0,0.0
765,knife,knife,verb,1,-1.0,0.0
766,knock,knock,verb,1,-1.0,0.0
767,know,know,verb,2,0.0,1.0
768,knowing,know,anypos,2,0.0,0.0
769,knowingly,know,anypos,2,0.0,0.0
770,knowledgeable,knowledg,anypos,2,1.0,1.0
771,lackluster,lacklust,anypos,2,-1.0,0.0
772,lag,lag,verb,1,-1.0,0.0
773,lament,lament,verb,2,-1.0,0.0
774,languish,languish,verb,2,-1.0,0.0
775,lark,lark,verb,2,1.0,0.0
776,laud,laud,verb,2,1.0,0.0
777,laudable,laudabl,anypos,2,1.0,0.0
778,laugh,laugh,verb,2,-1.0,0.0
779,laughable,laughabl,anypos,2,-1.0,0.0
780,lavish,lavish,verb,2,1.0,1.0
781,leak,leak,verb,1,-1.0,0.0
782,lecture,lectur,verb,1,-1.0,1.0
783,leech,leech,verb,2,-1.0,0.0
784,leer,leer,verb,2,-1.0,0.0
785,lessen,lessen,verb,1,-1.0,0.0
786,lesser,less,anypos,1,-1.0,0.0
787,leverage,leverag,verb,1,1.0,0.0
788,liberate,liber,verb,2,1.0,1.0
789,lie,lie,verb,1,-1.0,0.0
790,lighten,lighten,verb,1,1.0,0.0
791,like,like,verb,2,1.0,0.0
792,likely,like,anypos,1,0.0,0.0
793,likewise,likewis,anypos,2,0.0,0.0
794,limit,limit,verb,1,-1.0,0.0
795,livid,livid,anypos,2,-1.0,0.0
796,loathe,loath,verb,2,-1.0,0.0
797,loathing,loath,anypos,2,-1.0,0.0
798,long,long,verb,2,-1.0,0.0
799,look,look,anypos,1,0.0,0.0
800,loot,loot,verb,2,-1.0,0.0
801,lose,lose,verb,1,-1.0,0.0
802,love,love,verb,2,1.0,0.0
803,lovely,love,anypos,2,1.0,1.0
804,luckiest,lucki,anypos,2,1.0,1.0
805,lull,lull,verb,1,-1.0,0.0
806,lurch,lurch,verb,2,-1.0,0.0
807,lure,lure,verb,2,-1.0,0.0
808,lure,lure,verb,2,-1.0,0.0
809,lurk,lurk,verb,2,-1.0,0.0
810,luxurious,luxuri,anypos,2,1.0,1.0
811,lying,lie,anypos,2,-1.0,0.0
812,madden,madden,verb,2,-1.0,0.0
813,magnificence,magnific,anypos,2,1.0,1.0
814,magnificent,magnific,anypos,2,1.0,1.0
815,magnify,magnifi,verb,1,1.0,1.0
816,malign,malign,verb,2,-1.0,0.0
817,mangle,mangl,verb,2,-1.0,0.0
818,manipulate,manipul,verb,1,-1.0,1.0
819,mar,mar,verb,2,-1.0,0.0
820,marvel,marvel,verb,2,1.0,1.0
821,marvelous,marvel,anypos,2,1.0,1.0
822,marvelously,marvel,anypos,2,1.0,1.0
823,massacre,massacr,verb,2,-1.0,0.0
824,matter,matter,verb,1,0.0,0.0
825,maximize,maxim,verb,2,1.0,1.0
826,mean,mean,verb,1,0.0,0.0
827,meddle,meddl,verb,2,-1.0,0.0
828,menace,menac,verb,2,-1.0,1.0
829,menacing,menac,anypos,2,-1.0,0.0
830,mend,mend,verb,1,1.0,0.0
831,merciful,merci,anypos,2,1.0,0.0
832,mere,mere,anypos,2,-1.0,0.0
833,merit,merit,verb,2,1.0,1.0
834,mighty,mighti,anypos,2,1.0,1.0
835,mind,mind,verb,1,-1.0,0.0
836,mindless,mindless,anypos,2,-1.0,0.0
837,minister,minist,verb,1,1.0,1.0
838,mire,mire,verb,2,-1.0,0.0
839,misbehave,misbehav,verb,2,-1.0,0.0
840,mischievous,mischiev,anypos,2,-1.0,0.0
841,misconception,misconcept,anypos,2,-1.0,0.0
842,miserably,miser,anypos,2,-1.0,0.0
843,misery,miseri,anypos,2,-1.0,0.0
844,mislead,mislead,verb,2,-1.0,0.0
845,misleading,mislead,anypos,2,-1.0,0.0
846,misread,misread,verb,2,-1.0,0.0
847,misrepresent,misrepres,verb,2,-1.0,0.0
848,misrepresentation,misrepresent,anypos,2,-1.0,0.0
849,miss,miss,verb,1,-1.0,0.0
850,mistaken,mistak,verb,2,-1.0,0.0
851,misunderstand,misunderstand,verb,2,-1.0,0.0
852,misunderstood,misunderstood,verb,2,-1.0,0.0
853,misunderstanding,misunderstand,verb,2,-1.0,0.0
854,misuse,misus,verb,2,-1.0,0.0
855,moan,moan,verb,2,-1.0,0.0
856,mock,mock,verb,2,-1.0,0.0
857,molest,mol,verb,2,-1.0,0.0
858,moon,moon,verb,1,-1.0,0.0
859,mope,mope,verb,1,-1.0,0.0
860,motivate,motiv,verb,2,1.0,1.0
861,mourn,mourn,verb,2,-1.0,0.0
862,mournful,mourn,anypos,2,-1.0,0.0
863,move,move,verb,nosubj_eb,0.0,0.0
864,muddle,muddl,verb,1,-1.0,0.0
865,murder,murder,verb,1,-1.0,0.0
866,must,must,anypos,2,0.0,0.0
867,nag,nag,verb,2,-1.0,0.0
868,nauseate,nauseat,verb,1,-1.0,0.0
869,need,nee,verb,2,0.0,0.0
870,neglect,neglect,verb,2,-1.0,0.0
871,nettle,nettl,verb,1,-1.0,0.0
872,neutralize,neutral,verb,1,1.0,1.0
873,nix,nix,verb,2,-1.0,0.0
874,nonsense,nonsens,anypos,2,-1.0,0.0
875,notably,notabl,anypos,2,1.0,0.0
876,nourish,nourish,verb,1,1.0,0.0
877,numb,numb,verb,1,-1.0,0.0
878,nurture,nurtur,verb,2,1.0,0.0
879,obey,obey,verb,2,1.0,0.0
880,object,object,verb,2,-1.0,0.0
881,obliged,oblig,anypos,2,1.0,0.0
882,obliterate,obliter,verb,2,-1.0,0.0
883,obscure,obscur,verb,2,-1.0,0.0
884,obscurity,obscur,anypos,2,-1.0,0.0
885,obsess,obsess,verb,2,-1.0,0.0
886,obstruct,obstruct,verb,1,-1.0,0.0
887,obvious,obvious,anypos,1,0.0,0.0
888,odd,odd,anypos,1,-1.0,0.0
889,offend,offend,verb,2,-1.0,0.0
890,offensive,offens,anypos,1,-1.0,0.0
891,offset,offset,verb,1,1.0,1.0
892,omit,omit,verb,1,-1.0,0.0
893,oppose,oppos,verb,2,-1.0,0.0
894,oppress,oppress,verb,2,-1.0,0.0
895,ought,ought,anypos,2,0.0,0.0
896,outdo,outdo,verb,2,1.0,1.0
897,outrage,outrag,verb,2,-1.0,0.0
898,outrageous,outrag,anypos,2,-1.0,1.0
899,outsmart,outsmart,verb,2,1.0,1.0
900,outwit,outwit,verb,2,1.0,0.0
901,overcome,overcom,verb,2,-1.0,1.0
902,overdo,overdo,verb,2,-1.0,0.0
903,overlook,overlook,verb,2,-1.0,0.0
904,overpower,overpow,verb,1,-1.0,1.0
905,overrun,overrun,verb,1,-1.0,0.0
906,overshadow,overshadow,verb,1,-1.0,0.0
907,overstate,overst,anypos,2,-1.0,0.0
908,overthrow,overthrow,verb,1,-1.0,0.0
909,overturn,overturn,verb,1,-1.0,0.0
910,overwhelm,overwhelm,verb,1,-1.0,0.0
911,pacify,pacifi,verb,1,0.0,0.0
912,pain,pain,verb,1,-1.0,0.0
913,pamper,pamper,verb,1,1.0,0.0
914,pan,pan,verb,1,-1.0,0.0
915,panic,panic,verb,2,-1.0,0.0
916,pardon,pardon,verb,2,1.0,0.0
917,parody,parodi,verb,2,-1.0,0.0
918,patronize,patron,verb,2,-1.0,0.0
919,peculiar,peculiar,anypos,2,-1.0,0.0
920,peculiarly,peculiar,anypos,2,-1.0,0.0
921,perfect,perfect,anypos,2,1.0,1.0
922,perfect,perfect,verb,2,1.0,1.0
923,perish,perish,verb,2,-1.0,0.0
924,perplexing,perplex,anypos,2,-1.0,0.0
925,persecute,persecut,verb,2,-1.0,0.0
926,persevere,persever,verb,2,1.0,1.0
927,persuade,persuad,verb,2,1.0,1.0
928,pervert,pervert,verb,2,-1.0,0.0
929,perverted,pervert,anypos,2,-1.0,0.0
930,petrify,petrifi,verb,2,-1.0,0.0
931,pillage,pillag,verb,2,-1.0,0.0
932,pinch,pinch,verb,1,-1.0,0.0
933,pine,pine,verb,2,-1.0,0.0
934,pique,piqu,verb,1,-1.0,0.0
935,pity,piti,verb,2,-1.0,0.0
936,plague,plagu,verb,1,-1.0,0.0
937,pleasing,pleas,anypos,2,1.0,1.0
938,pleasurable,pleasur,anypos,2,1.0,0.0
939,pledge,pledg,verb,2,1.0,1.0
940,plenty,plenti,anypos,2,1.0,1.0
941,plot,plot,verb,2,-1.0,0.0
942,plunder,plunder,verb,2,-1.0,0.0
943,pollute,pollut,verb,1,-1.0,0.0
944,ponder,ponder,verb,2,0.0,0.0
945,possible,possibl,anypos,1,0.0,0.0
946,possibly,possibl,anypos,1,0.0,0.0
947,pout,pout,verb,2,-1.0,0.0
948,practically,practic,anypos,1,0.0,0.0
949,praise,prais,verb,2,1.0,0.0
950,pray,pray,verb,2,0.0,0.0
951,preach,preach,verb,2,1.0,1.0
952,precipitate,precipit,verb,2,-1.0,0.0
953,prefer,prefer,verb,2,1.0,0.0
954,preferable,prefer,anypos,2,1.0,0.0
955,press,press,verb,1,1.0,0.0
956,presume,presum,verb,2,-1.0,0.0
957,presumptuous,presumptu,anypos,2,-1.0,0.0
958,pretend,pretend,verb,2,-1.0,0.0
959,pretentious,pretenti,anypos,2,-1.0,0.0
960,pretty,pretti,anypos,2,1.0,0.0
961,prize,prize,verb,2,1.0,0.0
962,proclaim,proclaim,verb,2,0.0,1.0
963,procrastinate,procrastin,verb,2,-1.0,0.0
964,profane,profan,verb,2,-1.0,0.0
965,profess,profess,verb,2,1.0,0.0
966,profit,profit,verb,1,1.0,1.0
967,progress,progress,verb,1,1.0,1.0
968,prohibit,prohibit,verb,1,-1.0,0.0
969,prophesy,prophesi,verb,2,0.0,0.0
970,prosecute,prosecut,verb,2,-1.0,1.0
971,prosper,prosper,verb,2,1.0,1.0
972,protect,protect,verb,1,1.0,1.0
973,protest,protest,verb,2,-1.0,0.0
974,prove,prove,anypos,1,0.0,0.0
975,provoke,provok,verb,2,-1.0,1.0
976,pry,pri,verb,1,-1.0,0.0
977,punish,punish,verb,2,-1.0,0.0
978,purify,purifi,verb,1,1.0,1.0
979,puzzle,puzzl,verb,2,-1.0,0.0
980,puzzled,puzzl,anypos,2,-1.0,0.0
981,puzzling,puzzl,anypos,2,-1.0,0.0
982,quack,quack,verb,2,-1.0,0.0
983,qualify,qualifi,verb,1,1.0,0.0
984,quarrel,quarrel,verb,2,-1.0,0.0
985,quash,quash,verb,2,-1.0,0.0
986,quench,quench,verb,1,1.0,0.0
987,questionable,question,anypos,2,-1.0,0.0
988,quibble,quibbl,verb,2,-1.0,0.0
989,quicken,quicken,verb,2,1.0,1.0
990,quit,quit,verb,1,-1.0,0.0
991,racist,racist,anypos,2,-1.0,0.0
992,rack,rack,verb,2,-1.0,0.0
993,radical,radic,anypos,2,-1.0,1.0
994,radically,radic,anypos,2,-1.0,1.0
995,rage,rage,verb,2,-1.0,0.0
996,rail,rail,verb,2,-1.0,0.0
997,rally,ralli,verb,2,1.0,0.0
998,rampage,rampag,verb,2,-1.0,0.0
999,rant,rant,anypos,2,-1.0,0.0
1000,rant,rant,verb,2,-1.0,0.0
1001,rapt,rapt,verb,2,1.0,0.0
1002,rapture,raptur,anypos,2,1.0,0.0
1003,rationalize,ration,verb,2,-1.0,1.0
1004,rattle,rattl,verb,2,-1.0,0.0
1005,ravage,ravag,verb,2,-1.0,0.0
1006,rave,rave,verb,2,1.0,0.0
1007,react,react,verb,1,0.0,1.0
1008,real,real,anypos,1,1.0,1.0
1009,reassure,reassur,verb,2,1.0,0.0
1010,rebuke,rebuk,verb,2,-1.0,0.0
1011,recant,recant,verb,2,-1.0,0.0
1012,reclaim,reclaim,verb,1,1.0,0.0
1013,recognizable,recogniz,anypos,1,0.0,0.0
1014,recoil,recoil,verb,2,-1.0,0.0
1015,recommend,recommend,verb,2,1.0,0.0
1016,recompense,recompens,verb,1,1.0,1.0
1017,reconcile,reconcil,verb,1,1.0,0.0
1018,recover,recov,verb,1,1.0,0.0
1019,rectify,rectifi,verb,2,1.0,0.0
1020,redeem,redeem,verb,2,1.0,0.0
1021,reestablish,reestablish,verb,1,1.0,0.0
1022,refine,refin,verb,1,1.0,0.0
1023,reform,reform,verb,1,1.0,1.0
1024,refresh,refresh,verb,1,1.0,0.0
1025,refuse,refus,verb,2,-1.0,0.0
1026,refute,refut,verb,2,-1.0,0.0
1027,regard,regard,verb,2,0.0,1.0
1028,regress,regress,verb,1,-1.0,0.0
1029,regret,regret,verb,2,-1.0,0.0
1030,regretful,regret,anypos,2,-1.0,0.0
1031,regrettable,regrett,anypos,2,-1.0,0.0
1032,rehabilitate,rehabilit,verb,1,1.0,0.0
1033,reinforce,reinforc,verb,1,1.0,1.0
1034,reiterate,reiter,verb,1,0.0,0.0
1035,reject,reject,verb,2,-1.0,0.0
1036,rejoice,rejoic,verb,2,1.0,0.0
1037,rejoicing,rejoic,anypos,2,1.0,0.0
1038,relapse,relaps,verb,1,-1.0,0.0
1039,relax,relax,verb,1,1.0,0.0
1040,relentless,relentless,anypos,2,-1.0,1.0
1041,relieve,reliev,verb,1,1.0,0.0
1042,relish,relish,verb,2,1.0,0.0
1043,remarkable,remark,anypos,2,1.0,1.0
1044,remarkably,remark,anypos,2,1.0,1.0
1045,remorse,remors,anypos,2,-1.0,0.0
1046,remorseful,remors,anypos,2,-1.0,0.0
1047,renovate,renov,verb,1,1.0,1.0
1048,renounce,renounc,verb,2,-1.0,0.0
1049,repair,repair,verb,1,1.0,0.0
1050,repay,repay,verb,2,1.0,0.0
1051,repel,repel,verb,1,-1.0,0.0
1052,repent,repent,verb,2,1.0,0.0
1053,reprehensible,reprehens,anypos,2,-1.0,0.0
1054,repress,repress,verb,1,-1.0,0.0
1055,reprimand,reprimand,verb,2,-1.0,0.0
1056,reproach,reproach,verb,2,-1.0,0.0
1057,repulsive,repuls,anypos,2,-1.0,0.0
1058,rescue,rescu,verb,1,1.0,1.0
1059,resent,resent,verb,2,-1.0,0.0
1060,resolve,resolv,verb,1,1.0,1.0
1061,respect,respect,verb,1,1.0,1.0
1062,respectful,respect,anypos,2,1.0,1.0
1063,restore,restor,verb,1,1.0,0.0
1064,restrict,restrict,verb,1,-1.0,0.0
1065,retaliate,retali,verb,1,-1.0,0.0
1066,retard,retard,verb,1,-1.0,0.0
1067,retire,retir,verb,1,-1.0,0.0
1068,retract,retract,verb,1,-1.0,0.0
1069,retreat,retreat,verb,1,-1.0,0.0
1070,reunite,reunit,verb,1,1.0,0.0
1071,reveal,reveal,anypos,1,0.0,0.0
1072,revel,revel,verb,2,1.0,0.0
1073,revenge,reveng,verb,2,-1.0,0.0
1074,revere,rever,verb,2,1.0,0.0
1075,revert,revert,verb,1,-1.0,0.0
1076,revive,reviv,verb,1,1.0,1.0
1077,revoke,revok,verb,1,-1.0,1.0
1078,revolt,revolt,verb,1,-1.0,0.0
1079,revolting,revolt,anypos,2,-1.0,0.0
1080,reward,reward,verb,2,1.0,1.0
1081,rewarding,reward,anypos,2,1.0,1.0
1082,rid,rid,verb,2,-1.0,0.0
1083,ridicule,ridicul,verb,2,-1.0,0.0
1084,ridiculous,ridicul,anypos,2,-1.0,0.0
1085,right,right,verb,2,1.0,1.0
1086,rightly,right,anypos,2,1.0,1.0
1087,rival,rival,verb,1,-1.0,0.0
1088,romantic,romant,anypos,2,1.0,0.0
1089,rot,rot,verb,1,-1.0,0.0
1090,rue,rue,verb,2,-1.0,0.0
1091,ruffle,ruffl,verb,1,-1.0,0.0
1092,ruin,ruin,verb,1,-1.0,0.0
1093,runaway,runaway,verb,2,-1.0,0.0
1094,rupture,ruptur,verb,1,-1.0,0.0
1095,sabotage,sabotag,verb,2,-1.0,0.0
1096,sad,sad,anypos,2,-1.0,0.0
1097,sadly,sad,anypos,2,-1.0,0.0
1098,safeguard,safeguard,verb,2,1.0,0.0
1099,sag,sag,verb,1,-1.0,0.0
1100,salute,salut,verb,2,1.0,0.0
1101,sanctify,sanctifi,verb,2,1.0,1.0
1102,sanction,sanction,verb,2,1.0,0.0
1103,sap,sap,verb,2,-1.0,0.0
1104,satisfy,satisfi,verb,1,1.0,1.0
1105,savage,savag,verb,2,-1.0,0.0
1106,savor,savor,verb,1,1.0,0.0
1107,scandalous,scandal,anypos,2,-1.0,0.0
1108,scar,scar,verb,2,-1.0,0.0
1109,scarcely,scarc,anypos,2,-1.0,0.0
1110,scare,scare,verb,2,-1.0,0.0
1111,scary,scari,anypos,2,-1.0,0.0
1112,scheme,scheme,verb,1,-1.0,0.0
1113,scoff,scoff,verb,2,-1.0,0.0
1114,scold,scold,verb,2,-1.0,0.0
1115,scorching,scorch,anypos,2,-1.0,0.0
1116,scorn,scorn,verb,2,-1.0,0.0
1117,scornful,scorn,anypos,2,-1.0,0.0
1118,scowl,scowl,verb,2,-1.0,0.0
1119,scream,scream,verb,2,-1.0,0.0
1120,screech,screech,verb,2,-1.0,0.0
1121,screw,screw,verb,1,-1.0,0.0
1122,scrutinize,scrutin,verb,2,0.0,0.0
1123,seem,seem,anypos,1,0.0,0.0
1124,seemingly,seem,anypos,2,0.0,0.0
1125,selfish,selfish,anypos,2,-1.0,0.0
1126,sensational,sensat,anypos,2,1.0,1.0
1127,sense,sens,verb,1,1.0,0.0
1128,sensible,sensibl,anypos,2,1.0,0.0
1129,sensibly,sensibl,anypos,2,1.0,0.0
1130,sentimentality,sentiment,anypos,2,1.0,0.0
1131,serious,serious,anypos,2,-1.0,0.0
1132,severe,sever,anypos,2,-1.0,0.0
1133,severely,sever,anypos,2,-1.0,0.0
1134,shadow,shadow,verb,2,-1.0,0.0
1135,shake,shake,verb,1,-1.0,0.0
1136,shame,shame,verb,2,-1.0,0.0
1137,shatter,shatter,verb,2,-1.0,0.0
1138,shelter,shelter,verb,1,1.0,0.0
1139,shield,shield,verb,1,1.0,0.0
1140,shimmer,shimmer,anypos,2,1.0,0.0
1141,shimmering,shimmer,anypos,2,1.0,1.0
1142,shine,shine,anypos,1,1.0,1.0
1143,shine,shine,verb,weaksubj_eb,1.0,1.0
1144,shiny,shini,anypos,2,1.0,1.0
1145,shiver,shiver,verb,2,-1.0,0.0
1146,shock,shock,verb,2,-1.0,0.0
1147,shockingly,shock,anypos,2,-1.0,1.0
1148,show,show,anypos,1,0.0,1.0
1149,shred,shre,verb,1,-1.0,0.0
1150,shriek,shriek,verb,2,-1.0,0.0
1151,shrivel,shrivel,verb,2,-1.0,0.0
1152,shroud,shroud,verb,2,-1.0,0.0
1153,shrug,shrug,verb,1,-1.0,0.0
1154,shun,shun,verb,2,-1.0,0.0
1155,sicken,sicken,verb,1,-1.0,0.0
1156,sickening,sicken,anypos,2,-1.0,0.0
1157,signify,signifi,verb,1,1.0,0.0
1158,silly,silli,anypos,2,-1.0,0.0
1159,simmer,simmer,verb,2,-1.0,0.0
1160,simplify,simplifi,verb,1,1.0,0.0
1161,simply,simpli,anypos,1,0.0,0.0
1162,skittish,skittish,anypos,2,-1.0,0.0
1163,slander,slander,verb,2,-1.0,0.0
1164,slap,slap,verb,2,-1.0,0.0
1165,slaughter,slaughter,verb,1,-1.0,0.0
1166,slight,slight,verb,1,-1.0,0.0
1167,smart,smart,verb,2,1.0,1.0
1168,smash,smash,verb,1,-1.0,0.0
1169,smear,smear,verb,1,-1.0,0.0
1170,smelling,smell,anypos,1,-1.0,0.0
1171,smile,smile,verb,2,1.0,0.0
1172,smitten,smite,verb,2,1.0,0.0
1173,smother,smother,verb,2,-1.0,0.0
1174,snarl,snarl,verb,1,-1.0,0.0
1175,snatch,snatch,verb,1,-1.0,0.0
1176,sneak,sneak,verb,1,-1.0,0.0
1177,sneer,sneer,verb,2,-1.0,0.0
1178,snub,snub,verb,2,-1.0,0.0
1179,sob,sob,verb,2,-1.0,0.0
1180,sober,sober,verb,1,-1.0,0.0
1181,soften,soften,verb,2,1.0,0.0
1182,solace,solac,verb,2,1.0,0.0
1183,soothe,sooth,verb,2,1.0,0.0
1184,sorely,sore,anypos,2,-1.0,0.0
1185,sorrow,sorrow,verb,1,-1.0,0.0
1186,sorrowful,sorrow,anypos,2,-1.0,0.0
1187,sounding,sound,anypos,1,-1.0,0.0
1188,spank,spank,verb,2,-1.0,0.0
1189,spare,spare,verb,1,1.0,0.0
1190,sparkle,sparkl,anypos,2,1.0,0.0
1191,speculate,specul,verb,1,0.0,0.0
1192,spellbound,spellbound,verb,2,1.0,0.0
1193,split,split,verb,1,-1.0,0.0
1194,spoil,spoil,verb,2,-1.0,0.0
1195,spook,spook,verb,2,-1.0,0.0
1196,spooky,spooki,anypos,2,-1.0,0.0
1197,spur,spur,verb,2,1.0,0.0
1198,squabble,squabbl,verb,2,-1.0,0.0
1199,squander,squander,verb,2,-1.0,0.0
1200,squash,squash,verb,2,-1.0,0.0
1201,squirm,squirm,verb,2,-1.0,0.0
1202,stab,stab,verb,1,-1.0,0.0
1203,stabilize,stabil,verb,1,1.0,1.0
1204,stagger,stagger,verb,1,-1.0,0.0
1205,stain,stain,verb,1,-1.0,0.0
1206,stand,stand,verb,1,1.0,0.0
1207,startle,startl,verb,2,-1.0,0.0
1208,startling,startl,anypos,2,-1.0,1.0
1209,starve,starv,verb,1,-1.0,0.0
1210,steal,steal,verb,1,-1.0,0.0
1211,stench,stench,anypos,2,-1.0,0.0
1212,stew,stew,verb,2,-1.0,0.0
1213,stifle,stifl,verb,2,-1.0,0.0
1214,stifling,stifl,anypos,2,-1.0,0.0
1215,stigma,stigma,verb,2,-1.0,0.0
1216,stimulate,stimul,verb,1,1.0,1.0
1217,stimulating,stimul,anypos,2,1.0,1.0
1218,sting,ste,verb,1,-1.0,0.0
1219,stink,stink,verb,2,-1.0,0.0
1220,stinking,stink,anypos,2,-1.0,0.0
1221,stir,stir,verb,1,0.0,0.0
1222,stole,steal,verb,1,-1.0,0.0
1223,stolen,steal,verb,1,-1.0,0.0
1224,stooge,stoog,anypos,2,-1.0,0.0
1225,storm,storm,verb,1,-1.0,0.0
1226,strain,strain,verb,1,-1.0,0.0
1227,strange,strang,anypos,2,-1.0,0.0
1228,stranger,stranger,anypos,2,-1.0,0.0
1229,strangle,strangl,verb,1,-1.0,0.0
1230,stress,stress,verb,2,-1.0,0.0
1231,strike,strike,verb,1,-1.0,0.0
1232,strikingly,strike,anypos,2,1.0,1.0
1233,strut,strut,verb,2,-1.0,0.0
1234,stumble,stumbl,anypos,1,-1.0,0.0
1235,stump,stump,verb,1,-1.0,0.0
1236,stun,stun,verb,1,-1.0,0.0
1237,stupefy,stupefi,verb,1,0.0,0.0
1238,stupid,stupid,anypos,2,-1.0,0.0
1239,subjected,subject,anypos,1,-1.0,0.0
1240,subscribe,subscrib,verb,1,1.0,0.0
1241,subside,subsid,verb,1,-1.0,0.0
1242,subtract,subtract,verb,1,-1.0,0.0
1243,subvert,subvert,verb,1,-1.0,0.0
1244,succeed,succeed,verb,1,1.0,1.0
1245,succumb,succumb,verb,2,-1.0,0.0
1246,suffer,suffer,verb,1,-1.0,0.0
1247,suffice,suffic,verb,1,1.0,0.0
1248,suffocate,suffoc,verb,2,-1.0,0.0
1249,suggest,suggest,anypos,1,1.0,0.0
1250,suit,suit,verb,1,1.0,0.0
1251,sulk,sulk,verb,2,-1.0,0.0
1252,sully,sulli,verb,2,-1.0,0.0
1253,super,super,anypos,2,1.0,1.0
1254,superb,superb,anypos,2,1.0,1.0
1255,support,support,verb,1,1.0,1.0
1256,suppose,suppos,verb,2,0.0,0.0
1257,supposed,suppos,anypos,1,-1.0,0.0
1258,supposing,suppos,anypos,2,0.0,0.0
1259,suppress,suppress,verb,1,-1.0,0.0
1260,sure,sure,anypos,2,1.0,1.0
1261,surmise,surmis,verb,2,1.0,0.0
1262,surprise,surpris,verb,2,0.0,0.0
1263,surprising,surpris,anypos,2,0.0,0.0
1264,surprisingly,surpris,anypos,2,0.0,1.0
1265,survive,surviv,verb,1,1.0,1.0
1266,suspicious,suspici,anypos,2,-1.0,0.0
1267,suspicious,suspici,anypos,2,-1.0,0.0
1268,swagger,swagger,verb,2,-1.0,0.0
1269,swamped,swamp,anypos,2,-1.0,0.0
1270,swear,swear,verb,2,-1.0,0.0
1271,sweeten,sweeten,verb,1,1.0,0.0
1272,swindle,swindl,verb,2,-1.0,0.0
1273,swoon,swoon,verb,1,-1.0,0.0
1274,sympathize,sympath,verb,2,-1.0,0.0
1275,taint,taint,verb,2,-1.0,0.0
1276,tamper,tamper,verb,1,-1.0,0.0
1277,tantalizing,tantal,anypos,2,1.0,0.0
1278,tantamount,tantamount,anypos,2,0.0,0.0
1279,tarnish,tarnish,verb,1,-1.0,0.0
1280,taste,tast,verb,1,0.0,0.0
1281,taunt,taunt,verb,2,-1.0,0.0
1282,tease,teas,verb,1,-1.0,0.0
1283,temper,temper,verb,1,-1.0,1.0
1284,tempt,tempt,verb,2,1.0,0.0
1285,tempting,tempt,anypos,2,1.0,0.0
1286,terrible,terribl,anypos,2,-1.0,0.0
1287,terribly,terribl,anypos,2,-1.0,0.0
1288,terrific,terrif,anypos,2,1.0,1.0
1289,terrify,terrifi,verb,2,1.0,0.0
1290,terrifying,terrifi,anypos,2,1.0,0.0
1291,terrorize,terror,verb,2,-1.0,0.0
1292,thank,thank,verb,2,1.0,0.0
1293,thankful,thank,anypos,2,1.0,1.0
1294,thankless,thankless,anypos,2,-1.0,0.0
1295,think,think,verb,2,0.0,0.0
1296,thirst,thirst,verb,2,-1.0,0.0
1297,thrash,thrash,verb,1,-1.0,0.0
1298,threaten,threaten,verb,1,-1.0,0.0
1299,thrill,thrill,verb,2,1.0,1.0
1300,thrilling,thrill,anypos,2,1.0,1.0
1301,thrive,thrive,verb,1,1.0,1.0
1302,throttle,throttl,verb,2,-1.0,1.0
1303,throw,throw,verb,1,-1.0,0.0
1304,thumb,thumb,verb,1,-1.0,0.0
1305,thwart,thwart,verb,2,-1.0,0.0
1306,tickle,tickl,verb,1,1.0,0.0
1307,tingle,tingl,verb,2,1.0,0.0
1308,tint,tint,verb,2,0.0,0.0
1309,tire,tire,verb,1,-1.0,0.0
1310,toast,toast,verb,2,1.0,0.0
1311,toil,toil,verb,2,-1.0,0.0
1312,tolerate,toler,verb,1,1.0,0.0
1313,topple,toppl,verb,1,-1.0,0.0
1314,torment,torment,verb,2,-1.0,0.0
1315,torrid,torrid,anypos,2,1.0,0.0
1316,torture,tortur,verb,1,-1.0,0.0
1317,touch,touch,verb,1,0.0,0.0
1318,trample,trampl,verb,2,-1.0,0.0
1319,transport,transport,verb,1,0.0,0.0
1320,traumatic,traumat,anypos,2,-1.0,0.0
1321,travesty,travesti,verb,2,-1.0,0.0
1322,treasure,treasur,verb,2,1.0,1.0
1323,tremendous,tremend,anypos,2,1.0,1.0
1324,tremendously,tremend,anypos,2,1.0,0.0
1325,triumph,triumph,verb,2,1.0,1.0
1326,triumphant,triumphant,verb,2,1.0,1.0
1327,trouble,troubl,anypos,2,-1.0,0.0
1328,trouble,troubl,verb,1,-1.0,0.0
1329,troublesome,troublesom,anypos,2,-1.0,0.0
1330,true,true,anypos,2,1.0,1.0
1331,trump,trump,verb,2,1.0,1.0
1332,trumpet,trumpet,verb,2,1.0,0.0
1333,trust,trust,verb,1,1.0,1.0
1334,trusting,trust,anypos,2,1.0,1.0
1335,truth,truth,anypos,2,1.0,0.0
1336,try,tri,verb,1,-1.0,0.0
1337,twist,twist,verb,2,-1.0,0.0
1338,ultimate,ultim,anypos,2,1.0,0.0
1339,ultimately,ultim,anypos,2,1.0,0.0
1340,unbelievable,unbeliev,anypos,2,-1.0,1.0
1341,uncommonly,uncommon,anypos,2,1.0,1.0
1342,underestimate,underestim,verb,2,-1.0,0.0
1343,undermine,undermin,verb,2,-1.0,0.0
1344,understand,understand,verb,2,1.0,0.0
1345,understood,understand,verb,2,1.0,0.0
1346,undo,undo,verb,1,-1.0,0.0
1347,unequal,unequ,anypos,2,-1.0,0.0
1348,unequivocal,unequivoc,anypos,2,1.0,0.0
1349,unequivocal,unequivoc,anypos,2,1.0,0.0
1350,unequivocally,unequivoc,anypos,2,1.0,0.0
1351,unexpectedly,unexpect,anypos,2,-1.0,0.0
1352,unfamiliar,unfamiliar,anypos,1,-1.0,0.0
1353,unfavorable,unfavor,anypos,2,-1.0,0.0
1354,unfortunate,unfortun,anypos,2,-1.0,0.0
1355,unfortunately,unfortun,anypos,2,-1.0,0.0
1356,unleash,unleash,verb,2,-1.0,0.0
1357,unlikely,unlik,anypos,1,-1.0,0.0
1358,unnatural,unnatur,anypos,1,-1.0,0.0
1359,unprecedented,unpreced,anypos,2,-1.0,0.0
1360,unquestionable,unquestion,anypos,2,1.0,1.0
1361,unquestionably,unquestion,anypos,2,1.0,1.0
1362,unreasonable,unreason,anypos,1,-1.0,0.0
1363,unrelenting,unrel,anypos,2,-1.0,1.0
1364,untrue,untru,anypos,2,-1.0,0.0
1365,unusual,unusu,anypos,1,-1.0,0.0
1366,unusually,unusu,anypos,2,-1.0,0.0
1367,unwelcome,unwelcom,anypos,2,-1.0,0.0
1368,upgrade,upgrad,verb,1,1.0,0.0
1369,uphold,uphold,verb,2,1.0,0.0
1370,uplift,uplift,verb,1,1.0,1.0
1371,uplifting,uplift,anypos,2,1.0,0.0
1372,upset,upset,verb,1,-1.0,0.0
1373,urge,urg,verb,2,1.0,0.0
1374,usurp,usurp,verb,2,-1.0,0.0
1375,utterly,utter,anypos,2,-1.0,0.0
1376,valuable,valuabl,anypos,2,1.0,1.0
1377,value,valu,verb,1,1.0,1.0
1378,vanish,vanish,verb,1,-1.0,0.0
1379,vanquish,vanquish,verb,2,1.0,1.0
1380,vehement,vehement,anypos,2,-1.0,0.0
1381,vengeful,veng,anypos,2,-1.0,0.0
1382,vie,vie,verb,2,-1.0,0.0
1383,view,view,verb,2,0.0,0.0
1384,villainous,villain,anypos,2,-1.0,0.0
1385,vindicate,vindic,verb,2,1.0,1.0
1386,vindictive,vindict,anypos,2,-1.0,0.0
1387,violate,violat,verb,2,-1.0,0.0
1388,vomit,vomit,verb,1,-1.0,0.0
1389,vouch,vouch,verb,2,1.0,1.0
1390,vow,vow,verb,2,1.0,0.0
1391,wail,wail,verb,2,-1.0,0.0
1392,wallow,wallow,verb,1,-1.0,0.0
1393,wane,wane,verb,1,-1.0,0.0
1394,want,want,verb,2,1.0,0.0
1395,warp,warp,verb,1,-1.0,0.0
1396,waste,wast,verb,1,-1.0,0.0
1397,weaken,weaken,verb,2,-1.0,0.0
1398,weary,weari,verb,1,-1.0,0.0
1399,weep,weep,verb,1,-1.0,0.0
1400,welcome,welcom,anypos,1,1.0,0.0
1401,welcome,welcom,verb,2,1.0,0.0
1402,whimper,whimper,verb,2,-1.0,0.0
1403,whine,whine,anypos,2,-1.0,0.0
1404,whine,whine,verb,2,-1.0,0.0
1405,wilt,wilt,verb,2,-1.0,0.0
1406,wince,winc,verb,2,-1.0,0.0
1407,wish,wish,verb,2,1.0,0.0
1408,withhold,withhold,verb,1,-1.0,0.0
1409,woefully,woefulli,anypos,2,-1.0,0.0
1410,wonder,wonder,anypos,2,1.0,1.0
1411,wonderful,wonder,anypos,2,1.0,1.0
1412,wonderfully,wonder,anypos,2,1.0,1.0
1413,wondrous,wondrous,anypos,2,1.0,1.0
1414,woo,woo,verb,2,1.0,0.0
1415,worn,wear,verb,1,-1.0,0.0
1416,worry,worri,verb,2,-1.0,0.0
1417,worrying,worri,anypos,2,-1.0,0.0
1418,worsening,worsen,anypos,2,-1.0,0.0
1419,worship,worship,verb,1,1.0,0.0
1420,would,would,anypos,1,0.0,0.0
1421,wound,wound,verb,1,-1.0,0.0
1422,wreck,wreck,verb,1,-1.0,0.0
1423,wrest,wr,verb,2,-1.0,1.0
1424,wrestle,wrestl,verb,1,-1.0,1.0
1425,wrong,wrong,anypos,1,-1.0,0.0
1426,wrongly,wrong,anypos,2,-1.0,0.0
1427,yawn,yawn,verb,2,-1.0,0.0
1428,yearn,yearn,verb,2,1.0,0.0
1429,yelp,yelp,verb,2,-1.0,0.0
1430,perpetrate,perpetr,verb,strongsubj_eb,-1.0,1.0
1431,score,score,verb,strongsubj_eb,1.0,0.0
1432,rig,rig,verb,strongsubj_eb,-1.0,1.0
1433,snap,snap,verb,weaksubj_eb,-1.0,0.0
1434,resign,resign,verb,weaksubj_eb,-1.0,0.0
1435,silence,silenc,verb,weaksubj_eb,-1.0,0.0
1436,pivot,pivot,verb,weaksubj_eb,-1.0,0.0
0,took,take,verb,,,1.0
1,make,make,verb,,,1.0
2,made,make,verb,,,1.0
3,plans,plan,verb,,,1.0
4,plan,plan,verb,,,1.0
5,intends,intend,verb,,,1.0
6,decided,decid,verb,,,1.0
7,prepares,prepar,verb,,,1.0
8,slams,slam,verb,1.0,,1.0
9,slammed,slam,verb,1.0,,1.0
10,warns,warn,verb,,,1.0
11,warned,warn,verb,,,1.0
12,reminded,remind,verb,,,1.0
13,urged,urg,verb,,,1.0
14,challenged,challeng,verb,,,1.0
15,pointed,point,verb,,,1.0
16,claim,claim,verb,,-1.0,-1.0
17,promise,promis,verb,1.0,,-1.0
18,promises,promis,verb,1.0,,-1.0
19,promised,promis,verb,1.0,,-1.0
20,appeared,appear,verb,,,-1.0
21,vow,vow,verb,,,-1.0
22,vows,vow,verb,,,-1.0
23,vowed,vow,verb,,,-1.0
24,suggested,suggest,verb,,,-1.0
25,acknowledge,acknowledg,verb,,-1.0,-1.0
26,need,nee,verb,,-1.0,-1.0
27,needs,need,verb,,-1.0,-1.0
28,dug,dig,verb,1.0,-1.0,-1.0
29,tweaks,tweak,verb,,-1.0,
30,postponed,postpon,verb,,-1.0,
31,postpone,postpon,verb,,-1.0,
32,defended,defend,verb,,-1.0,-1.0
33,intended,intend,verb,,-1.0,-1.0
34,intends,intend,verb,,-1.0,-1.0
35,insisted,insist,verb,,-1.0,
36,insists,insist,verb,,-1.0,
37,maintained,maintain,verb,,-1.0,
38,portrayed,portray,verb,,-1.0,
39,hailed,hail,verb,1.0,-1.0,
40,downplays,downplay,verb,1.0,-1.0,
41,downplayed,downplay,verb,1.0,-1.0,
42,glosses,gloss,verb,1.0,-1.0,
43,glossed,gloss,verb,1.0,-1.0,
44,touted,tout,verb,2.0,-1.0,
45,spins,spin,verb,1.0,-1.0,
46,postponed,postpon,verb,0.0,-1.0,
47,foolishly,foolish,adv,2.0,-1.0,
48,conspicuously,conspicu,adv,2.0,-1.0,
49,simply,simpli,adv,2.0,-1.0,
50,presumably,presum,adv,2.0,-1.0,
51,carefully,care,adv,0.0,-1.0,
52,initially,initi,adv,1.0,,
53,last-ditch,last,adv,2.0,-1.0,
54,strongly,strong,adv,2.0,-1.0,
55,combative,combat,adv,2.0,-1.0,
56,face,face,verb,0.0,-1.0,
57,facing,face,verb,0.0,-1.0,
58,draw,draw,verb,0.0,-1.0,
59,drawing,draw,verb,0.0,-1.0,
60,criticism,critic,verb,0.0,-1.0,
61,critics,critic,verb,0.0,-1.0,
62,offers,offer,verb,0.0,1.0,
63,accused,accus,verb,0.0,0.0,1.0
64,won,win,verb,0.0,1.0,1.0
65,jumped,jump,verb,1.0,1.0,
66,whipped,whip,verb,1.0,1.0,
67,energized,energ,verb,1.0,1.0,
68,deport,deport,verb,,-1.0,
69,exasperated,exasper,verb,1.0,-1.0,
70,loomed,loom,verb,1.0,-1.0,
71,reversed,revers,verb,0.0,-1.0,
72,forced,forc,verb,0.0,-1.0,
73,tarnished,tarnish,verb,0.0,-1.0,
74,tarnish,tarnish,verb,0.0,-1.0,
75,flee,flee,verb,0.0,-1.0,
76,lost,lose,verb,0.0,-1.0,
77,lost,lose,verb,0.0,-1.0,
